ticker,name,price,change_pct,market
005930,삼성전자,246000.0,2.5,KOSPI
000660,SK하이닉스,1668000.0,5.77,KOSPI
402340,SK스퀘어,1119000.0,5.57,KOSPI
005935,삼성전자우,183900.0,4.25,KOSPI
009150,삼성전기,1356000.0,14.43,KOSPI
005380,현대차,404500.0,3.06,KOSPI
373220,LG에너지솔루션,335500.0,2.13,KOSPI
207940,삼성바이오로직스,1491000.0,1.02,KOSPI
105560,KB금융,170700.0,1.13,KOSPI
032830,삼성생명,294000.0,5.76,KOSPI
028260,삼성물산,347500.0,7.75,KOSPI
329180,HD현대중공업,509000.0,5.38,KOSPI
000270,기아,133000.0,2.62,KOSPI
012450,한화에어로스페이스,1007000.0,0.3,KOSPI
034020,두산에너빌리티,77000.0,5.48,KOSPI
055550,신한지주,103600.0,1.27,KOSPI
012330,현대모비스,503000.0,4.47,KOSPI
068270,셀트리온,190300.0,2.42,KOSPI
034730,SK,562000.0,8.49,KOSPI
035420,NAVER,229000.0,1.1,KOSPI
086790,하나금융지주,128600.0,0.78,KOSPI
006400,삼성SDI,429000.0,2.26,KOSPI
010120,LS ELECTRIC,212000.0,7.61,KOSPI
066570,LG전자,179500.0,8.46,KOSPI
000810,삼성화재,637000.0,2.74,KOSPI
042660,한화오션,91900.0,5.03,KOSPI
009540,HD한국조선해양,396000.0,5.88,KOSPI
298040,효성중공업,2985000.0,12.43,KOSPI
267260,HD현대일렉트릭,772000.0,7.82,KOSPI
005490,POSCO홀딩스,317000.0,1.28,KOSPI
316140,우리금융지주,33350.0,0.45,KOSPI
069500,KODEX 200,104300.0,3.96,KOSPI
015760,한국전력,35700.0,1.56,KOSPI
010130,고려아연,1095000.0,4.89,KOSPI
360750,TIGER 미국S&P500,27405.0,1.03,KOSPI
000150,두산,1260000.0,-1.1,KOSPI
138040,메리츠금융지주,120400.0,0.75,KOSPI
017670,SK텔레콤,93000.0,1.75,KOSPI
042700,한미반도체,209000.0,2.96,KOSPI
011200,HMM,21100.0,-0.47,KOSPI
006800,미래에셋증권,35200.0,3.38,KOSPI
010140,삼성중공업,22200.0,2.54,KOSPI
096770,SK이노베이션,109200.0,-1.89,KOSPI
033780,KT&G,176000.0,0.23,KOSPI
051910,LG화학,255500.0,-0.39,KOSPI
018260,삼성에스디에스,230500.0,5.01,KOSPI
079550,LIG디펜스앤에어로스페이스,798000.0,-0.37,KOSPI
267250,HD현대,219000.0,5.04,KOSPI
035720,카카오,38150.0,0.66,KOSPI
003550,LG,106800.0,4.71,KOSPI
064350,현대로템,147700.0,5.58,KOSPI
024110,기업은행,20200.0,-0.74,KOSPI
086280,현대글로비스,205500.0,2.75,KOSPI
047810,한국항공우주,146500.0,6.55,KOSPI
011070,LG이노텍,601000.0,14.48,KOSPI
010950,S-Oil,122500.0,-2.62,KOSPI
272210,한화시스템,72400.0,4.78,KOSPI
278470,에이피알,357500.0,-0.56,KOSPI
030200,KT,52500.0,0.38,KOSPI
003670,포스코퓨처엠,146200.0,2.38,KOSPI
000720,현대건설,110100.0,8.47,KOSPI
071050,한국금융지주,209500.0,3.46,KOSPI
133690,TIGER 미국나스닥100,188030.0,2.43,KOSPI
307950,현대오토에버,414500.0,5.2,KOSPI
259960,크래프톤,229000.0,-3.78,KOSPI
005940,NH투자증권,28250.0,1.44,KOSPI
323410,카카오뱅크,21550.0,-1.37,KOSPI
006260,LS,329000.0,9.48,KOSPI
005830,DB손해보험,155600.0,0.52,KOSPI
379800,KODEX 미국S&P500,24925.0,1.34,KOSPI
003490,대한항공,26900.0,3.07,KOSPI
102110,TIGER 200,104625.0,4.17,KOSPI
0126Z0,삼성에피스홀딩스,389000.0,0.78,KOSPI
028050,삼성E&A,49100.0,2.83,KOSPI
047050,포스코인터내셔널,54400.0,0.74,KOSPI
003230,삼양식품,1210000.0,-0.74,KOSPI
379810,KODEX 미국나스닥100,28090.0,2.35,KOSPI
078930,GS,95000.0,-1.96,KOSPI
396500,TIGER 반도체TOP10,33895.0,4.63,KOSPI
016360,삼성증권,97600.0,-1.01,KOSPI
443060,HD현대마린솔루션,193100.0,4.43,KOSPI
161390,한국타이어앤테크놀로지,67700.0,0.0,KOSPI
180640,한진칼,122500.0,1.74,KOSPI
488770,KODEX 머니마켓액티브,105130.0,0.0,KOSPI
352820,하이브,181000.0,0.0,KOSPI
090430,아모레퍼시픽,131300.0,-0.45,KOSPI
039490,키움증권,292500.0,2.99,KOSPI
278530,KODEX 200TR,37775.0,3.88,KOSPI
005387,현대차2우B,204500.0,3.23,KOSPI
064400,LG씨엔에스,73300.0,7.64,KOSPI
267270,HD건설기계,141900.0,11.64,KOSPI
047040,대우건설,16230.0,6.78,KOSPI
459580,KODEX CD금리액티브(합성),1073950.0,0.01,KOSPI
021240,코웨이,92800.0,-1.59,KOSPI
326030,SK바이오팜,82000.0,2.76,KOSPI
032640,LG유플러스,14920.0,-0.07,KOSPI
007660,이수페타시스,84700.0,6.41,KOSPI
381180,TIGER 미국필라델피아반도체나스닥,45715.0,5.58,KOSPI
241560,두산밥캣,64300.0,2.55,KOSPI
000100,유한양행,75100.0,0.4,KOSPI
000880,한화,83800.0,0.0,KOSPI
122630,KODEX 레버리지,102755.0,7.78,KOSPI
377300,카카오페이,41550.0,-5.14,KOSPI
001440,대한전선,28450.0,11.57,KOSPI
498400,KODEX 200타겟위클리커버드콜,20035.0,3.84,KOSPI
029780,삼성카드,46550.0,0.0,KOSPI
0167A0,SOL AI반도체TOP2플러스,16825.0,5.65,KOSPI
353200,대덕전자,106300.0,8.69,KOSPI
091160,KODEX 반도체,119410.0,4.3,KOSPI
175330,JB금융지주,27800.0,2.77,KOSPI
009830,한화솔루션,30150.0,12.5,KOSPI
271560,오리온,130300.0,-1.81,KOSPI
062040,산일전기,167200.0,9.35,KOSPI
036570,NC,235000.0,-2.29,KOSPI
034220,LG디스플레이,9800.0,2.83,KOSPI
128940,한미약품,380000.0,0.53,KOSPI
088980,맥쿼리인프라,9970.0,0.91,KOSPI
005385,현대차우,203000.0,3.57,KOSPI
454910,두산로보틱스,73000.0,6.57,KOSPI
000500,가온전선,158900.0,8.46,KOSPI
229200,KODEX 코스닥150,13545.0,1.61,KOSPI
138930,BNK금융지주,14940.0,-1.13,KOSPI
010060,OCI홀딩스,246000.0,9.33,KOSPI
148020,RISE 200,105150.0,3.92,KOSPI
051900,LG생활건강,292500.0,0.34,KOSPI
310970,TIGER MSCI Korea TR,46705.0,3.93,KOSPI
458730,TIGER 미국배당다우존스,15320.0,0.46,KOSPI
360200,ACE 미국S&P500,27700.0,1.32,KOSPI
004170,신세계,430000.0,1.06,KOSPI
011790,SKC,81400.0,4.23,KOSPI
001040,CJ,137800.0,4.39,KOSPI
381170,TIGER 미국테크TOP10 INDXX,32390.0,1.62,KOSPI
0162Z0,RISE 삼성전자SK하이닉스채권혼합50,13040.0,1.99,KOSPI
052690,한전기술,102500.0,3.54,KOSPI
000990,DB하이텍,90000.0,5.88,KOSPI
111770,영원무역,88200.0,-1.12,KOSPI
411060,ACE KRX금현물,26600.0,2.29,KOSPI
082740,한화엔진,46050.0,13.01,KOSPI
395160,KODEX AI반도체TOP2플러스,38540.0,6.17,KOSPI
088350,한화생명,4355.0,1.04,KOSPI
002380,KCC,432000.0,8.95,KOSPI
004020,현대제철,27650.0,4.54,KOSPI
018880,한온시스템,3530.0,4.75,KOSPI
233740,KODEX 코스닥150레버리지,6540.0,3.07,KOSPI
423160,KODEX KOFR금리액티브(합성),110690.0,0.0,KOSPI
357870,TIGER CD금리투자KIS(합성),57860.0,0.01,KOSPI
367380,ACE 미국나스닥100,32300.0,2.38,KOSPI
273130,KODEX 종합채권(AA-이상)액티브,110205.0,0.29,KOSPI
395270,HANARO Fn K-반도체,54315.0,6.01,KOSPI
066970,엘앤에프,79800.0,2.97,KOSPI
023530,롯데쇼핑,114300.0,-0.35,KOSPI
102780,KODEX 삼성그룹,24940.0,5.59,KOSPI
022100,포스코DX,20850.0,2.71,KOSPI
0193T0,KODEX SK하이닉스단일종목레버리지,10355.0,10.75,KOSPI
036460,한국가스공사,33950.0,-0.44,KOSPI
028670,팬오션,5860.0,3.9,KOSPI
001450,현대해상,36700.0,-0.27,KOSPI
487240,KODEX AI전력핵심설비,36435.0,10.04,KOSPI
251270,넷마블,37950.0,-3.44,KOSPI
035250,강원랜드,14180.0,-2.21,KOSPI
011780,금호석유화학,119800.0,2.39,KOSPI
0043B0,TIGER 머니마켓액티브,103240.0,0.01,KOSPI
031210,서울보증보험,42950.0,0.94,KOSPI
097950,CJ제일제당,197500.0,1.23,KOSPI
455890,RISE 머니마켓액티브,55340.0,0.01,KOSPI
103590,일진전기,61100.0,8.91,KOSPI
483650,달바글로벌,232000.0,-3.13,KOSPI
012750,에스원,73600.0,1.8,KOSPI
017800,현대엘리베이터,71200.0,2.89,KOSPI
009420,한올바이오파마,53100.0,2.12,KOSPI
008930,한미사이언스,40350.0,2.93,KOSPI
375500,DL이앤씨,70900.0,7.42,KOSPI
139130,iM금융지주,17290.0,0.23,KOSPI
007340,DN오토모티브,46400.0,8.28,KOSPI
302440,SK바이오사이언스,34600.0,-0.14,KOSPI
004800,효성,161800.0,9.1,KOSPI
006360,GS건설,31150.0,8.35,KOSPI
481050,KODEX CD1년금리플러스액티브(합성),1021970.0,0.01,KOSPI
005850,에스엘,56100.0,3.7,KOSPI
139260,TIGER 200 IT,132415.0,6.92,KOSPI
426030,TIME 미국나스닥100액티브,48415.0,3.94,KOSPI
026960,동서,25200.0,-0.79,KOSPI
383220,F&F,65000.0,2.69,KOSPI
489790,한화비전,49000.0,9.62,KOSPI
011170,롯데케미칼,57700.0,0.0,KOSPI
009970,영원무역홀딩스,189900.0,-0.52,KOSPI
003690,코리안리,13830.0,0.66,KOSPI
449170,TIGER KOFR금리액티브(합성),111510.0,0.0,KOSPI
014680,한솔케미칼,225500.0,5.13,KOSPI
001720,신영증권,147100.0,3.23,KOSPI
000240,한국앤컴퍼니,25450.0,1.6,KOSPI
161890,한국콜마,102300.0,0.99,KOSPI
450080,에코프로머티,33900.0,3.51,KOSPI
204320,HL만도,50600.0,3.79,KOSPI
069960,현대백화점,110100.0,-7.01,KOSPI
486290,TIGER 미국나스닥100타겟데일리커버드콜,11060.0,2.08,KOSPI
161510,PLUS 고배당주,24745.0,0.96,KOSPI
081660,미스토홀딩스,44050.0,-0.79,KOSPI
472150,TIGER 배당커버드콜액티브,19995.0,4.25,KOSPI
279570,케이뱅크,5680.0,1.07,KOSPI
004370,농심,376500.0,0.0,KOSPI
456600,TIME 글로벌AI인공지능액티브,60575.0,3.07,KOSPI
004990,롯데지주,22850.0,0.88,KOSPI
085620,미래에셋생명,16830.0,10.87,KOSPI
278540,KODEX MSCI Korea TR,37190.0,3.96,KOSPI
336260,두산퓨얼셀,34600.0,20.98,KOSPI
103140,풍산,80700.0,14.47,KOSPI
192820,코스맥스,195000.0,-0.1,KOSPI
005440,현대지에프홀딩스,12060.0,0.5,KOSPI
139480,이마트,79700.0,-0.5,KOSPI
030000,제일기획,18700.0,-0.16,KOSPI
073240,금호타이어,7380.0,5.73,KOSPI
282330,BGF리테일,122300.0,-2.39,KOSPI
051600,한전KPS,46600.0,1.75,KOSPI
007070,GS리테일,24800.0,-1.0,KOSPI
284430,KODEX 200미국채혼합50,20920.0,2.05,KOSPI
071970,HD현대마린엔진,59200.0,12.55,KOSPI
292150,TIGER 코리아TOP10,36790.0,3.33,KOSPI
002790,아모레퍼시픽홀딩스,26100.0,0.77,KOSPI
018670,SK가스,213500.0,0.0,KOSPI
475150,SK이터닉스,57700.0,3.41,KOSPI
385540,RISE 종합채권(A-이상)액티브,103330.0,0.34,KOSPI
439260,대한조선,50700.0,4.11,KOSPI
462870,시프트업,32300.0,-1.07,KOSPI
000155,두산우,469000.0,0.97,KOSPI
214980,KODEX 단기채권PLUS,114690.0,0.02,KOSPI
457190,이수스페셜티케미컬,60200.0,3.97,KOSPI
294400,KIWOOM 200TR,137000.0,3.92,KOSPI
000120,CJ대한통운,76900.0,1.18,KOSPI
105190,ACE 200,104595.0,4.01,KOSPI
112610,씨에스윈드,41000.0,2.89,KOSPI
442580,PLUS 글로벌HBM반도체,99870.0,5.56,KOSPI
0193W0,KODEX 삼성전자단일종목레버리지,11090.0,4.62,KOSPI
011210,현대위아,62300.0,3.49,KOSPI
441640,KODEX 미국배당커버드콜액티브,13175.0,1.35,KOSPI
023590,다우기술,39000.0,1.3,KOSPI
0195S0,TIGER SK하이닉스단일종목레버리지,8840.0,11.41,KOSPI
395400,SK리츠,5570.0,1.09,KOSPI
477080,RISE CD금리액티브(합성),107230.0,0.01,KOSPI
008770,호텔신라,42100.0,1.45,KOSPI
020150,롯데에너지머티리얼즈,31250.0,2.63,KOSPI
446770,ACE 글로벌반도체TOP4 Plus,79210.0,4.02,KOSPI
487230,KODEX 미국AI전력핵심인프라,21455.0,1.35,KOSPI
120110,코오롱인더,53800.0,3.26,KOSPI
006040,동원산업,36200.0,-2.03,KOSPI
001740,SK네트웍스,7900.0,4.77,KOSPI
466920,SOL 조선TOP3플러스,29780.0,5.01,KOSPI
368590,RISE 미국나스닥100,31325.0,2.37,KOSPI
379780,RISE 미국S&P500,23960.0,1.35,KOSPI
001800,오리온홀딩스,25850.0,1.77,KOSPI
097230,HJ중공업,17200.0,3.8,KOSPI
00680K,미래에셋증권2우B,11340.0,2.62,KOSPI
453850,ACE 미국30년국채액티브(H),7230.0,1.26,KOSPI
610063,메리츠 KIS CD금리투자 ETN,55620.0,0.01,KOSPI
475630,TIGER CD1년금리액티브(합성),1073390.0,0.01,KOSPI
322000,HD현대에너지솔루션,135900.0,5.35,KOSPI
329200,TIGER 리츠부동산인프라,4025.0,0.63,KOSPI
305720,KODEX 2차전지산업,13120.0,0.85,KOSPI
020560,아시아나항공,7230.0,3.29,KOSPI
001430,세아베스틸지주,40800.0,7.79,KOSPI
229640,LS에코에너지,47600.0,7.69,KOSPI
0177N0,KODEX 삼성전자SK하이닉스채권혼합50,13895.0,2.66,KOSPI
069620,대웅제약,124500.0,0.73,KOSPI
001120,LX인터내셔널,37150.0,0.27,KOSPI
089860,롯데렌탈,39400.0,0.0,KOSPI
294870,IPARK현대산업개발,21700.0,2.12,KOSPI
006280,녹십자,122300.0,1.92,KOSPI
298020,효성티앤씨,330000.0,2.96,KOSPI
152100,PLUS 200,105995.0,4.04,KOSPI
181710,NHN,42800.0,-2.06,KOSPI
281820,케이씨텍,70700.0,0.71,KOSPI
009155,삼성전기우,472500.0,7.26,KOSPI
390390,KODEX 미국반도체,56290.0,4.57,KOSPI
315930,KODEX Top5PlusTR,79180.0,2.98,KOSPI
007810,코리아써키트,55400.0,14.94,KOSPI
012630,HDC,22200.0,5.71,KOSPI
007310,오뚜기,323500.0,0.31,KOSPI
436140,SOL 종합채권(AA-이상)액티브,106600.0,0.34,KOSPI
192080,더블유게임즈,60900.0,-0.98,KOSPI
700026,하나 CD금리투자 ETN,107400.0,0.0,KOSPI
082640,동양생명,8250.0,0.61,KOSPI
415640,KB발해인프라,10410.0,-2.53,KOSPI
232080,TIGER 코스닥150,13795.0,1.58,KOSPI
091230,TIGER 반도체,125000.0,4.06,KOSPI
003540,대신증권,26450.0,0.95,KOSPI
157450,TIGER 단기통안채,112335.0,0.01,KOSPI
448330,KODEX 삼성전자채권혼합,16995.0,0.56,KOSPI
438080,ACE 미국S&P500미국채혼합50액티브,14570.0,0.48,KOSPI
004000,롯데정밀화학,47000.0,2.51,KOSPI
006340,대원전선,15450.0,12.04,KOSPI
000815,삼성화재우,400000.0,2.04,KOSPI
017960,한국카본,23250.0,4.73,KOSPI
497570,TIGER 미국필라델피아AI반도체나스닥,22840.0,3.94,KOSPI
005070,코스모신소재,36000.0,5.11,KOSPI
0072R0,TIGER KRX금현물,12720.0,2.25,KOSPI
361610,SK아이이테크놀로지,13920.0,-1.76,KOSPI
077970,STX엔진,28100.0,15.16,KOSPI
0183J0,TIGER 미국우주테크,7730.0,4.67,KOSPI
030610,교보증권,9790.0,1.45,KOSPI
449450,PLUS K방산,55795.0,3.71,KOSPI
445290,KODEX 로봇액티브,31280.0,4.18,KOSPI
066575,LG전자우,63900.0,5.45,KOSPI
093370,후성,10230.0,5.46,KOSPI
494890,KODEX 200액티브,30075.0,4.07,KOSPI
479080,1Q 머니마켓액티브,53625.0,0.02,KOSPI
000210,DL,51200.0,-1.35,KOSPI
226490,KODEX 코스피,68060.0,4.35,KOSPI
000080,하이트진로,15050.0,-0.53,KOSPI
300720,한일시멘트,14230.0,1.57,KOSPI
330590,롯데리츠,3620.0,-0.14,KOSPI
465580,ACE 미국빅테크TOP7 Plus,25215.0,1.37,KOSPI
003570,SNT다이내믹스,31350.0,1.13,KOSPI
451540,TIGER 종합채권(AA-이상)액티브,53035.0,0.42,KOSPI
446720,SOL 미국배당다우존스,14040.0,0.32,KOSPI
469150,ACE AI반도체TOP3+,54300.0,3.91,KOSPI
479520,RISE KOFR금리액티브(합성),106145.0,0.01,KOSPI
356540,ACE 종합채권(AA-이상)액티브,101620.0,0.41,KOSPI
469830,SOL 초단기채권액티브,54230.0,0.01,KOSPI
003240,태광산업,904000.0,2.73,KOSPI
009450,경동나비엔,68600.0,0.15,KOSPI
449180,KODEX 미국S&P500(H),17330.0,1.91,KOSPI
003090,대웅,17070.0,-0.23,KOSPI
760009,키움 CD금리투자 ETN,107085.0,0.0,KOSPI
0117V0,TIGER 코리아AI전력기기TOP3플러스,18870.0,9.14,KOSPI
0117L0,KODEX 26-12 금융채(AA-이상)액티브,10135.0,0.0,KOSPI
032350,롯데관광개발,12280.0,0.57,KOSPI
0139F0,TIGER 12월자동연장금융채(AA-이상)액티브,101865.0,0.02,KOSPI
494300,KODEX 미국나스닥100데일리커버드콜OTM,9500.0,0.16,KOSPI
006120,SK디스커버리,54800.0,4.78,KOSPI
402970,ACE 미국배당다우존스,15585.0,0.35,KOSPI
003530,한화투자증권,4420.0,2.08,KOSPI
495050,RISE 코리아밸류업,31790.0,3.58,KOSPI
237350,KODEX 코스피100,83765.0,4.48,KOSPI
051915,LG화학우,122000.0,0.83,KOSPI
280360,롯데웰푸드,101800.0,-1.45,KOSPI
438100,ACE 미국나스닥100미국채혼합50액티브,15765.0,0.99,KOSPI
192400,쿠쿠홀딩스,26250.0,-2.05,KOSPI
185750,종근당,67500.0,0.0,KOSPI
005300,롯데칠성,100300.0,-2.34,KOSPI
451800,한화리츠,5130.0,1.79,KOSPI
0195R0,TIGER 삼성전자단일종목레버리지,10150.0,5.02,KOSPI
009240,한샘,38650.0,-0.9,KOSPI
034230,파라다이스,9780.0,-2.3,KOSPI
295040,SOL 200TR,39105.0,3.88,KOSPI
455850,SOL AI반도체소부장,21570.0,4.13,KOSPI
071055,한국금융지주우,152000.0,1.47,KOSPI
195870,해성디에스,52200.0,5.03,KOSPI
003470,유안타증권,4590.0,2.8,KOSPI
499790,GS피앤엘,44500.0,10.56,KOSPI
494310,KODEX 반도체레버리지,69510.0,7.93,KOSPI
100090,SK오션플랜트,13820.0,4.78,KOSPI
079160,CJ CGV,5140.0,-0.96,KOSPI
030190,NICE평가정보,14360.0,-0.28,KOSPI
001820,삼화콘덴서,80800.0,3.99,KOSPI
153130,KODEX 단기채권,113340.0,0.03,KOSPI
490590,RISE 미국AI밸류체인데일리고정커버드콜,15110.0,3.88,KOSPI
114800,KODEX 인버스,1073.0,-4.11,KOSPI
371460,TIGER 차이나전기차SOLACTIVE,11115.0,0.68,KOSPI
305540,TIGER 2차전지테마,16525.0,1.13,KOSPI
530031,삼성 레버리지 WTI원유 선물 ETN,1993.0,-13.91,KOSPI
476550,TIGER 미국30년국채커버드콜액티브(H),6895.0,1.25,KOSPI
036530,SNT홀딩스,48500.0,0.62,KOSPI
365550,ESR켄달스퀘어리츠,3210.0,0.47,KOSPI
298050,HS효성첨단소재,175400.0,6.43,KOSPI
498410,KODEX 금융고배당TOP10타겟위클리커버드콜,11620.0,0.43,KOSPI
466940,TIGER 은행고배당플러스TOP10,26115.0,1.73,KOSPI
475720,RISE 200위클리커버드콜,12030.0,2.56,KOSPI
550082,N2 KIS CD금리투자 ETN,55620.0,0.0,KOSPI
481060,KODEX 미국30년국채타겟커버드콜(합성 H),7510.0,0.81,KOSPI
385560,RISE KIS국고채30년Enhanced,52495.0,1.12,KOSPI
214320,이노션,19320.0,1.68,KOSPI
137310,에스디바이오센서,6400.0,-2.74,KOSPI
0025N0,TIGER TDF2045 적격,12400.0,1.02,KOSPI
252670,KODEX 200선물인버스2X,87.0,-6.45,KOSPI
441800,TIME Korea플러스배당액티브,28215.0,3.09,KOSPI
0048J0,KODEX 미국머니마켓액티브,14225.0,-0.52,KOSPI
457480,ACE 테슬라밸류체인액티브,18255.0,2.15,KOSPI
144600,KODEX 은선물(H),10040.0,4.47,KOSPI
069660,KIWOOM 200,104295.0,3.93,KOSPI
003850,보령,8690.0,4.07,KOSPI
071320,지역난방공사,64300.0,0.16,KOSPI
0177R0,TIGER 반도체TOP10커버드콜액티브,10915.0,5.71,KOSPI
005090,SGC에너지,51400.0,1.98,KOSPI
004490,세방전지,53200.0,2.11,KOSPI
0061Z0,RISE 단기특수은행채액티브,50880.0,-0.01,KOSPI
285130,SK케미칼,41900.0,-1.18,KOSPI
272580,TIGER 단기채권액티브,56965.0,0.02,KOSPI
064960,SNT모티브,27200.0,-0.37,KOSPI
458760,TIGER 미국배당다우존스타겟커버드콜2호,11250.0,-0.18,KOSPI
248070,솔루엠,14780.0,3.14,KOSPI
102970,KODEX 증권,19290.0,1.61,KOSPI
456610,TIGER 미국달러SOFR금리액티브(합성),61675.0,-0.44,KOSPI
580058,KB KIS CD금리투자 ETN,53695.0,0.0,KOSPI
0127P0,ACE 미국대형성장주액티브,11005.0,1.34,KOSPI
434730,HANARO 원자력iSelect,58130.0,6.85,KOSPI
000370,한화손해보험,5900.0,2.43,KOSPI
000670,영풍,37250.0,6.43,KOSPI
456040,OCI,76600.0,5.51,KOSPI
005690,파미셀,11420.0,3.07,KOSPI
0167B0,SOL 200타겟위클리커버드콜,11485.0,4.31,KOSPI
423920,TIGER 미국필라델피아반도체레버리지(합성),96810.0,10.87,KOSPI
003160,디아이,23800.0,5.08,KOSPI
138540,TIGER 현대차그룹플러스,51980.0,4.13,KOSPI
314250,KODEX 미국빅테크10(H),62350.0,3.19,KOSPI
491010,TIGER 글로벌AI전력인프라액티브,26860.0,2.05,KOSPI
487340,ACE 머니마켓액티브,105585.0,0.01,KOSPI
455030,KODEX 미국달러SOFR금리액티브(합성),12240.0,-0.33,KOSPI
482730,TIGER 미국S&P500타겟데일리커버드콜,12385.0,1.18,KOSPI
290130,RISE ESG사회책임투자,45805.0,4.58,KOSPI
0015B0,KoAct 미국나스닥성장기업액티브,20050.0,3.67,KOSPI
002960,한국쉘석유,499500.0,0.0,KOSPI
005880,대한해운,1998.0,4.23,KOSPI
329750,TIGER 미국달러단기채권액티브,13445.0,-0.55,KOSPI
367760,RISE 네트워크인프라,55785.0,8.8,KOSPI
371160,TIGER 차이나항셍테크,7655.0,0.33,KOSPI
418660,TIGER 미국나스닥100레버리지(합성),43565.0,4.72,KOSPI
025540,한국단자,63300.0,2.43,KOSPI
075580,세진중공업,11210.0,6.97,KOSPI
093050,LF,21750.0,-0.46,KOSPI
434060,KODEX TDF2050액티브 적격,17370.0,1.16,KOSPI
317450,명인제약,43400.0,0.12,KOSPI
001570,금양,9900.0,0.0,KOSPI
495850,KODEX 코리아밸류업,31545.0,3.43,KOSPI
293940,신한알파리츠,5220.0,-0.38,KOSPI
002350,넥센타이어,6460.0,1.1,KOSPI
0148J0,TIGER 코리아휴머노이드로봇산업,9490.0,4.98,KOSPI
005180,빙그레,67800.0,-0.15,KOSPI
069260,TKG휴켐스,15270.0,1.66,KOSPI
014820,동원시스템즈,21500.0,1.65,KOSPI
006380,카프로,3660.0,0.0,KOSPI
453340,현대그린푸드,18900.0,1.56,KOSPI
001680,대상,17710.0,-0.17,KOSPI
484790,KODEX 미국30년국채액티브(H),8325.0,1.15,KOSPI
000400,롯데손해보험,1959.0,1.14,KOSPI
466950,TIGER 글로벌AI액티브,32465.0,3.49,KOSPI
494670,TIGER 조선TOP10,23445.0,5.61,KOSPI
383800,LX홀딩스,7830.0,1.56,KOSPI
006110,삼아알미늄,39450.0,0.77,KOSPI
0101N0,RISE AI전력인프라,18995.0,7.01,KOSPI
449190,KODEX 미국나스닥100(H),22440.0,2.96,KOSPI
364980,TIGER 2차전지TOP10,9100.0,1.28,KOSPI
251600,PLUS 고배당주채권혼합,15325.0,0.76,KOSPI
000640,동아쏘시오홀딩스,87500.0,-0.57,KOSPI
010780,아이에스동서,19510.0,1.77,KOSPI
100840,SNT에너지,28450.0,2.71,KOSPI
003620,KG모빌리티,2900.0,1.58,KOSPI
489250,KODEX 미국배당다우존스,13220.0,0.46,KOSPI
006650,대한유화,89900.0,0.22,KOSPI
396520,TIGER 차이나반도체FACTSET,14180.0,3.88,KOSPI
094800,맵스리얼티,6250.0,1.79,KOSPI
033240,자화전자,26800.0,1.52,KOSPI
017940,E1,84200.0,0.36,KOSPI
462330,KODEX 2차전지산업레버리지,850.0,1.43,KOSPI
108320,LX세미콘,35450.0,1.58,KOSPI
268280,미원에스씨,115300.0,-0.35,KOSPI
114090,GKL,9270.0,-0.96,KOSPI
001270,부국증권,55100.0,4.55,KOSPI
00088K,한화3우B,29250.0,0.0,KOSPI
001060,JW중외제약,24350.0,0.62,KOSPI
016380,KG스틸,5650.0,1.25,KOSPI
700028,하나 레버리지 반도체 ETN,161355.0,9.52,KOSPI
0019K0,TIME 미국나스닥100채권혼합50액티브,13690.0,2.16,KOSPI
007700,F&F홀딩스,14250.0,-0.42,KOSPI
114260,KODEX 국고채3년,61980.0,0.26,KOSPI
491620,RISE 미국테크100데일리고정커버드콜,11065.0,1.14,KOSPI
178920,PI첨단소재,18830.0,2.62,KOSPI
0007F0,KODEX 27-12 회사채(AA-이상)액티브,10175.0,0.2,KOSPI
003300,한일홀딩스,17660.0,-0.28,KOSPI
00104K,CJ4우(전환),128100.0,0.87,KOSPI
438330,TIGER 우량회사채액티브,115785.0,0.22,KOSPI
365780,ACE 국고채10년,83495.0,0.89,KOSPI
463250,TIGER K방산&우주,35850.0,3.39,KOSPI
0105E0,SOL 코리아고배당,12880.0,1.58,KOSPI
002840,미원상사,118400.0,-1.33,KOSPI
0091P0,TIGER 코리아원자력,15800.0,6.11,KOSPI
005810,풍산홀딩스,36650.0,3.39,KOSPI
251350,KODEX MSCI선진국,40610.0,0.88,KOSPI
001510,SK증권,2230.0,5.94,KOSPI
058650,세아홀딩스,120800.0,0.0,KOSPI
444200,SOL 코리아메가테크액티브,45095.0,5.35,KOSPI
0190C0,RISE 현대차고정피지컬AI,8600.0,4.62,KOSPI
496080,TIGER 코리아밸류업,31630.0,3.26,KOSPI
079900,전진건설로봇,34700.0,6.77,KOSPI
001530,DI동일,24350.0,0.0,KOSPI
448730,삼성FN리츠,5530.0,0.0,KOSPI
315960,RISE 대형고배당10TR,75180.0,2.97,KOSPI
336370,솔루스첨단소재,7060.0,4.28,KOSPI
090460,비에이치,14690.0,-3.36,KOSPI
473290,KODEX 26-12 회사채(AA-이상)액티브,10860.0,0.05,KOSPI
003545,대신증권우,20200.0,1.71,KOSPI
483280,KODEX 미국AI테크TOP10타겟커버드콜,12395.0,0.94,KOSPI
039130,하나투어,31500.0,2.11,KOSPI
001500,현대차증권,7890.0,2.6,KOSPI
460860,동국제강,9830.0,6.85,KOSPI
435420,TIGER 미국나스닥100채권혼합50,14390.0,1.55,KOSPI
009410,태영건설,1628.0,0.31,KOSPI
476800,KODEX 한국부동산리츠인프라,4230.0,0.48,KOSPI
284740,쿠쿠홈시스,21500.0,-0.23,KOSPI
499660,TIGER CD금리플러스액티브(합성),1000600.0,0.01,KOSPI
005945,NH투자증권우,25300.0,1.0,KOSPI
462010,TIGER 2차전지소재Fn,4405.0,1.15,KOSPI
490490,SOL 미국배당미국채혼합50,11445.0,0.48,KOSPI
361580,RISE 200TR,59350.0,3.98,KOSPI
249420,일동제약,14990.0,1.56,KOSPI
005250,녹십자홀딩스,10060.0,2.13,KOSPI
471230,KODEX 국고채10년액티브,105145.0,0.9,KOSPI
090435,아모레퍼시픽우,44750.0,-0.11,KOSPI
377740,바이오노트,4625.0,2.32,KOSPI
034310,NICE,12790.0,0.08,KOSPI
484870,엠앤씨솔루션,17100.0,6.15,KOSPI
008060,대덕,15000.0,7.3,KOSPI
145990,삼양사,45300.0,3.54,KOSPI
448290,TIGER 미국S&P500(H),17990.0,1.93,KOSPI
002240,고려제강,17140.0,0.71,KOSPI
0162M0,KODEX 금융채1~2년(AA-이상)PLUS액티브,10050.0,0.05,KOSPI
005389,현대차3우B,196800.0,3.04,KOSPI
000070,삼양홀딩스,58300.0,0.34,KOSPI
293180,HANARO 200,104635.0,4.05,KOSPI
277630,TIGER 코스피,68865.0,3.71,KOSPI
003030,세아제강지주,107500.0,0.75,KOSPI
0023A0,SOL 미국양자컴퓨팅TOP10,27265.0,5.25,KOSPI
243880,TIGER 200IT레버리지,317180.0,12.36,KOSPI
0219E0,KODEX 200커버드콜액티브,8240.0,4.3,KOSPI
480260,TIGER 27-04회사채(A+이상)액티브,53710.0,0.05,KOSPI
474220,TIGER 미국테크TOP10타겟커버드콜,15670.0,0.93,KOSPI
0163Y0,KoAct 코스닥액티브,8540.0,3.39,KOSPI
447770,TIGER 테슬라채권혼합Fn,13600.0,0.48,KOSPI
004690,삼천리,119800.0,0.76,KOSPI
417310,코람코더원리츠,10750.0,0.75,KOSPI
161000,애경케미칼,8900.0,3.97,KOSPI
0173Y0,KODEX 미국AI광통신네트워크,12145.0,7.05,KOSPI
0016X0,SOL 중단기회사채(A-이상)액티브,51390.0,0.06,KOSPI
002810,삼영무역,23350.0,8.1,KOSPI
019170,신풍제약,8140.0,1.24,KOSPI
477050,PLUS 머니마켓액티브,53375.0,0.0,KOSPI
003000,부광약품,4260.0,-0.58,KOSPI
091180,KODEX 자동차,29170.0,3.13,KOSPI
001200,유진투자증권,4320.0,3.35,KOSPI
014830,유니드,61700.0,2.49,KOSPI
451060,1Q 200액티브,33420.0,3.95,KOSPI
439870,KODEX 국고채30년액티브,88210.0,0.95,KOSPI
357120,코람코라이프인프라리츠,4240.0,0.47,KOSPI
451000,PLUS 종합채권(AA-이상)액티브,107490.0,0.24,KOSPI
148070,KIWOOM 국고채10년,105730.0,0.88,KOSPI
004700,조광피혁,61900.0,-1.12,KOSPI
488080,TIGER 반도체TOP10레버리지,31365.0,9.06,KOSPI
004710,한솔테크닉스,7730.0,0.91,KOSPI
072710,농심홀딩스,88300.0,-1.34,KOSPI
017900,광전자,7060.0,21.31,KOSPI
241180,TIGER 일본니케이225,35970.0,2.73,KOSPI
003280,흥아해운,1684.0,1.88,KOSPI
016590,신대양제지,10030.0,0.3,KOSPI
403550,쏘카,10600.0,3.11,KOSPI
426020,TIME 미국S&P500액티브,33285.0,1.46,KOSPI
0060H0,TIGER 토탈월드스탁액티브,13215.0,1.34,KOSPI
458250,TIGER 미국30년국채스트립액티브(합성 H),34940.0,1.81,KOSPI
029530,신도리코,40800.0,2.26,KOSPI
452260,한화갤러리아,2040.0,3.13,KOSPI
271940,일진하이솔루스,10800.0,3.45,KOSPI
950210,프레스티지바이오파마,6500.0,2.52,KOSPI
469070,RISE AI&로봇,11790.0,3.97,KOSPI
194370,제이에스코퍼레이션,13390.0,0.68,KOSPI
016610,DB증권,9140.0,2.24,KOSPI
0131V0,1Q 미국우주항공테크,11785.0,5.51,KOSPI
0043Y0,TIME 차이나AI테크액티브,20920.0,2.55,KOSPI
031430,신세계인터내셔날,11030.0,1.01,KOSPI
027410,BGF,4010.0,1.65,KOSPI
015360,INVENI,14040.0,0.07,KOSPI
385720,TIME 코스피액티브,24490.0,3.6,KOSPI
001940,KISCO홀딩스,26500.0,-5.69,KOSPI
005420,코스모화학,9770.0,3.17,KOSPI
462900,KoAct 바이오헬스케어액티브,14275.0,0.42,KOSPI
130660,한전산업,11490.0,3.51,KOSPI
0080G0,KODEX 방산TOP10,10870.0,3.23,KOSPI
002030,아세아,180500.0,-1.85,KOSPI
381970,케이카,7600.0,0.66,KOSPI
105630,한세실업,9210.0,-0.22,KOSPI
453810,KODEX 인도Nifty50,12380.0,-0.08,KOSPI
344820,KCC글라스,23050.0,1.1,KOSPI
448300,TIGER 미국나스닥100(H),23185.0,2.93,KOSPI
009900,명신산업,7000.0,3.55,KOSPI
306200,세아제강,129200.0,2.13,KOSPI
484880,SOL 금융지주플러스고배당,22245.0,1.67,KOSPI
0040Y0,SOL 팔란티어커버드콜OTM채권혼합,8110.0,0.12,KOSPI
002990,금호건설,9770.0,1.66,KOSPI
0167Z0,KODEX 미국우주항공,8015.0,3.89,KOSPI
092230,KPX홀딩스,86000.0,0.58,KOSPI
0144L0,KODEX 미국성장커버드콜액티브,10020.0,1.67,KOSPI
170900,동아에스티,37200.0,-0.13,KOSPI
007690,국도화학,38700.0,0.0,KOSPI
760013,키움 레버리지 반도체TOP10 ETN,71270.0,8.86,KOSPI
060980,HL홀딩스,39150.0,1.82,KOSPI
011760,현대코퍼레이션,26800.0,3.88,KOSPI
089590,제주항공,4375.0,2.7,KOSPI
008730,율촌화학,14220.0,3.12,KOSPI
439860,KODEX ESG종합채권(A-이상)액티브,113765.0,0.19,KOSPI
029460,케이씨,31850.0,10.4,KOSPI
145720,덴티움,40650.0,3.3,KOSPI
020000,한섬,16310.0,-0.97,KOSPI
126560,현대퓨처넷,3200.0,0.47,KOSPI
104700,한국철강,9570.0,-0.52,KOSPI
005950,이수화학,13250.0,-2.57,KOSPI
496020,WON 전단채플러스액티브,52325.0,0.03,KOSPI
0052D0,TIGER 코리아배당다우존스,15595.0,2.13,KOSPI
520054,미래에셋 레버리지 코스피200 선물 ETN,172655.0,8.45,KOSPI
456880,ACE 미국달러SOFR금리(합성),12485.0,-0.44,KOSPI
006220,제주은행,9100.0,1.0,KOSPI
0046A0,TIGER 미국초단기(3개월이하)국채,9845.0,-0.66,KOSPI
017810,풀무원,8960.0,0.0,KOSPI
310960,TIGER 200TR,60900.0,3.8,KOSPI
471990,KODEX AI반도체핵심장비,20840.0,4.96,KOSPI
385550,RISE 단기채권알파액티브,113865.0,0.03,KOSPI
472170,TIGER 미국테크TOP10채권혼합,14255.0,0.74,KOSPI
011930,신성이엔지,16690.0,6.65,KOSPI
097520,엠씨넥스,19450.0,2.58,KOSPI
005610,삼립,38900.0,-0.26,KOSPI
002020,코오롱,25950.0,2.37,KOSPI
570090,한투 KIS CD금리투자 ETN,55620.0,0.0,KOSPI
132030,KODEX 골드선물(H),23455.0,2.74,KOSPI
0026S0,1Q 미국S&P500,13415.0,1.4,KOSPI
474590,WON 반도체밸류체인액티브,41545.0,5.12,KOSPI
217590,티엠씨,13750.0,10.8,KOSPI
183190,아세아시멘트,9190.0,1.1,KOSPI
0120G0,삼양바이오팜,44250.0,-0.56,KOSPI
200880,서연이화,12040.0,6.27,KOSPI
024720,콜마홀딩스,9480.0,1.61,KOSPI
091810,트리니티항공,635.0,4.79,KOSPI
0052S0,1Q 미국S&P500미국채혼합50액티브,11985.0,0.46,KOSPI
126720,수산인더스트리,22550.0,1.81,KOSPI
442570,RISE TDF2050액티브 적격,17920.0,1.24,KOSPI
0182R0,1Q K반도체TOP2+,10125.0,6.02,KOSPI
006405,삼성SDI우,198000.0,7.32,KOSPI
448630,RISE 삼성그룹Top3채권혼합,14850.0,0.78,KOSPI
092790,넥스틸,12100.0,7.56,KOSPI
485540,KODEX 미국AI테크TOP10,15905.0,1.53,KOSPI
02826K,삼성물산우B,214000.0,7.48,KOSPI
005720,넥센,5960.0,2.05,KOSPI
279530,KODEX 고배당주,17195.0,1.03,KOSPI
000157,두산2우B,350000.0,1.45,KOSPI
0210A0,ACE K반도체TOP2+,6955.0,6.18,KOSPI
270810,RISE 코스닥150,13450.0,1.62,KOSPI
0038A0,KODEX 미국휴머노이드로봇,16055.0,1.81,KOSPI
026890,스틱인베스트먼트,7950.0,0.38,KOSPI
009290,광동제약,6180.0,0.16,KOSPI
385510,KODEX 신재생에너지액티브,36625.0,5.9,KOSPI
453870,TIGER 인도니프티50,12180.0,-0.16,KOSPI
009160,SIMPAC,4700.0,1.18,KOSPI
530134,삼성 블룸버그 인버스2X WTI원유선물 ETN B,3405.0,13.88,KOSPI
018250,애경산업,11600.0,1.49,KOSPI
015860,일진홀딩스,6190.0,4.92,KOSPI
108670,LX하우시스,33900.0,1.65,KOSPI
0111P0,1Q 미국나스닥100미국채혼합50액티브,11180.0,0.99,KOSPI
016800,퍼시스,26300.0,1.54,KOSPI
010820,퍼스텍,6200.0,7.64,KOSPI
192650,드림텍,4575.0,3.16,KOSPI
105840,우진,14830.0,0.2,KOSPI
012030,DB,1487.0,2.98,KOSPI
441680,TIGER 미국나스닥100커버드콜(합성),10995.0,0.5,KOSPI
037710,광주신세계,39200.0,2.75,KOSPI
570022,한투 레버리지S&P500선물 ETN(H),59700.0,3.99,KOSPI
483320,ACE 엔비디아밸류체인액티브,25270.0,5.18,KOSPI
476760,ACE 미국30년국채액티브,9285.0,0.6,KOSPI
001750,한양증권,19700.0,0.51,KOSPI
433330,SOL 미국S&P500,22895.0,1.33,KOSPI
002310,아세아제지,7530.0,-0.4,KOSPI
481190,SOL 미국테크TOP10,17565.0,1.47,KOSPI
078520,에이블씨엔씨,11230.0,2.84,KOSPI
317400,자이에스앤디,7530.0,-1.83,KOSPI
473330,SOL 미국30년국채커버드콜(합성),8360.0,0.72,KOSPI
454780,KIWOOM 종합채권(AA-이상)액티브,99935.0,0.37,KOSPI
005430,한국공항,91800.0,0.66,KOSPI
475080,KODEX 테슬라커버드콜채권혼합액티브,7845.0,0.38,KOSPI
364970,TIGER 바이오TOP10,7265.0,2.4,KOSPI
461490,RISE 글로벌자산배분액티브,14845.0,0.95,KOSPI
190620,ACE 단기통안채,101805.0,0.0,KOSPI
010690,화신,8190.0,5.27,KOSPI
245710,ACE 베트남VN30(합성),29150.0,0.09,KOSPI
272450,진에어,5470.0,3.21,KOSPI
001390,KG케미칼,4245.0,1.8,KOSPI
084010,대한제강,8270.0,2.1,KOSPI
025860,남해화학,5700.0,1.42,KOSPI
033270,유나이티드제약,17780.0,-0.56,KOSPI
123890,한국자산신탁,2310.0,0.43,KOSPI
003960,사조대림,30800.0,0.82,KOSPI
489030,PLUS 고배당주위클리커버드콜,6340.0,-0.86,KOSPI
034830,한국토지신탁,1116.0,-0.62,KOSPI
096760,JW홀딩스,3810.0,0.26,KOSPI
058430,포스코스틸리온,4645.0,3.68,KOSPI
273140,KODEX 단기변동금리부채권액티브,114710.0,0.01,KOSPI
0008S0,TIGER 미국배당다우존스타겟데일리커버드콜,10270.0,0.24,KOSPI
0053L0,TIGER 차이나휴머노이드로봇,10580.0,0.95,KOSPI
244920,에이플러스에셋,12290.0,0.16,KOSPI
471040,KoAct 글로벌AI&로봇액티브,30200.0,4.37,KOSPI
004430,송원산업,11560.0,0.52,KOSPI
0094K0,TIGER 28-04 회사채(A+이상)액티브,99575.0,0.11,KOSPI
084690,대상홀딩스,7650.0,0.0,KOSPI
286940,롯데이노베이트,18280.0,-0.33,KOSPI
005680,삼영전자,13790.0,3.53,KOSPI
001230,동국홀딩스,1757.0,2.63,KOSPI
307520,TIGER 지주회사,21410.0,4.03,KOSPI
002900,TYM,6570.0,5.8,KOSPI
483340,ACE 구글밸류체인액티브,24025.0,4.52,KOSPI
017390,서울가스,54500.0,0.55,KOSPI
139230,TIGER 200 중공업,13560.0,6.1,KOSPI
423170,SOL 글로벌AI반도체탑픽액티브,57730.0,4.71,KOSPI
003120,일성아이에스,20050.0,-0.25,KOSPI
007160,사조산업,52900.0,1.73,KOSPI
478150,TIME 글로벌우주테크&방산액티브,21805.0,1.73,KOSPI
283580,KODEX 차이나CSI300,15840.0,0.54,KOSPI
136340,RISE 중기우량회사채,104350.0,0.12,KOSPI
409820,KODEX 미국나스닥100레버리지(합성 H),20500.0,6.11,KOSPI
0098F0,KODEX 원자력SMR,14965.0,5.46,KOSPI
497880,SOL CD금리&머니마켓액티브,50055.0,0.02,KOSPI
008490,서흥,22100.0,-0.9,KOSPI
421320,PLUS 우주항공,27635.0,2.33,KOSPI
472920,HK 종합채권(AA-이상)액티브,98435.0,0.28,KOSPI
404990,신한서부티엔디리츠,4115.0,-0.12,KOSPI
298690,에어부산,1548.0,1.44,KOSPI
475300,SOL 반도체전공정,19055.0,3.48,KOSPI
002710,TCC스틸,9570.0,5.75,KOSPI
493810,TIGER 미국AI빅테크10타겟데일리커버드콜,12110.0,1.25,KOSPI
003650,미창석유,144000.0,3.45,KOSPI
486450,SOL 미국AI전력인프라,21025.0,0.77,KOSPI
196230,RISE 단기통안채,116725.0,0.02,KOSPI
123320,TIGER 레버리지,103760.0,7.91,KOSPI
298000,효성화학,65600.0,2.98,KOSPI
003720,삼영,7300.0,6.26,KOSPI
471780,TIGER 코리아테크액티브,33170.0,4.69,KOSPI
003920,남양유업,43550.0,0.69,KOSPI
495230,KoAct 코리아밸류업액티브,30130.0,4.15,KOSPI
004360,세방,12900.0,0.0,KOSPI
122900,아이마켓코리아,7370.0,1.1,KOSPI
010955,S-Oil우,61000.0,-1.13,KOSPI
213610,KODEX 삼성그룹밸류,21705.0,4.18,KOSPI
472160,TIGER 미국테크TOP10 INDXX(H),19130.0,1.92,KOSPI
0162Y0,TIME 코스닥액티브,7135.0,3.48,KOSPI
228790,TIGER 화장품,3930.0,0.26,KOSPI
005500,삼진제약,18250.0,2.24,KOSPI
157500,TIGER 증권,13210.0,2.52,KOSPI
000050,경방,8770.0,3.18,KOSPI
136490,선진,10100.0,3.17,KOSPI
458260,TIGER 미국투자등급회사채액티브(H),46705.0,0.71,KOSPI
028100,동아지질,17870.0,1.88,KOSPI
002320,한진,15380.0,1.18,KOSPI
003200,일신방직,10380.0,1.07,KOSPI
363570,KODEX 장기종합채권(AA-이상)액티브,87265.0,0.77,KOSPI
498270,KIWOOM 미국양자컴퓨팅,15870.0,4.41,KOSPI
261260,KODEX 미국달러선물인버스2X,5020.0,1.11,KOSPI
900140,엘브이엠씨홀딩스,1225.0,0.16,KOSPI
437080,KODEX 미국종합채권ESG액티브(H),97530.0,0.5,KOSPI
329650,KODEX TRF3070,14325.0,0.56,KOSPI
388420,RISE 비메모리반도체액티브,25650.0,4.82,KOSPI
091170,KODEX 은행,15795.0,0.48,KOSPI
334890,이지스밸류플러스리츠,3380.0,0.45,KOSPI
363580,KODEX 200IT TR,53175.0,6.32,KOSPI
442320,RISE 글로벌원자력,36760.0,2.25,KOSPI
348950,제이알글로벌리츠,1182.0,0.0,KOSPI
001790,대한제당,2695.0,-0.19,KOSPI
488980,SOL 26-12 회사채(AA-이상)액티브,52000.0,0.02,KOSPI
044450,KSS해운,10040.0,-0.1,KOSPI
448540,ACE 엔비디아채권혼합,26620.0,1.33,KOSPI
001250,GS글로벌,2800.0,6.26,KOSPI
051905,LG생활건강우,109900.0,1.1,KOSPI
000430,대원강업,3715.0,2.77,KOSPI
0183V0,KIWOOM 삼성전자&SK하이닉스채권혼합50,11620.0,2.24,KOSPI
414780,TIGER 차이나과창판STAR50(합성),14600.0,3.77,KOSPI
305080,TIGER 미국채10년선물,12745.0,0.0,KOSPI
0030R0,대신밸류리츠,3815.0,0.39,KOSPI
134380,미원화학,10360.0,2.47,KOSPI
001340,PKC,5060.0,4.55,KOSPI
000680,LS네트웍스,2865.0,0.53,KOSPI
466930,SOL 자동차TOP3플러스,26350.0,5.48,KOSPI
0151S0,KODEX 미국AI반도체TOP3플러스,15960.0,4.59,KOSPI
0092C0,SOL 27-12 회사채(AA-이상)액티브,50175.0,0.08,KOSPI
244580,KODEX 바이오,8545.0,0.83,KOSPI
0182S0,1Q K반도체TOP2채권혼합50,12130.0,2.06,KOSPI
003070,코오롱글로벌,8750.0,0.57,KOSPI
009680,모토닉,10210.0,2.41,KOSPI
003520,영진약품,1209.0,1.6,KOSPI
001460,BYC,35300.0,0.86,KOSPI
490090,TIGER 미국AI빅테크10,16665.0,1.68,KOSPI
463050,TIME K바이오액티브,13010.0,0.77,KOSPI
025000,KPX케미칼,49450.0,0.92,KOSPI
037270,YG PLUS,3400.0,1.64,KOSPI
000480,CR홀딩스,4615.0,0.0,KOSPI
0047A0,TIGER 차이나테크TOP10,13650.0,1.52,KOSPI
030210,다올투자증권,3550.0,2.6,KOSPI
433500,ACE 원자력TOP10,52690.0,4.69,KOSPI
452360,SOL 미국배당다우존스(H),13330.0,1.02,KOSPI
033920,무학,7500.0,0.0,KOSPI
0089D0,KODEX 금융고배당TOP10,13265.0,0.99,KOSPI
034120,SBS,11490.0,2.22,KOSPI
000320,노루홀딩스,16000.0,3.23,KOSPI
0115D0,KODEX 조선TOP10,8315.0,5.45,KOSPI
226320,잇츠한불,9660.0,2.11,KOSPI
092200,디아이씨,5430.0,3.43,KOSPI
044820,코스맥스비티아이,21900.0,4.04,KOSPI
000650,천일고속,147000.0,2.58,KOSPI
302450,RISE 코스피,68605.0,4.25,KOSPI
0104N0,TIGER 200타겟위클리커버드콜,20300.0,3.31,KOSPI
0204D0,KODEX 현대차로보틱스밸류체인TOP3플러스,6605.0,3.45,KOSPI
495060,TIME 코리아밸류업액티브,28360.0,3.88,KOSPI
432320,KB스타리츠,1367.0,0.89,KOSPI
000540,흥국화재,3195.0,-0.47,KOSPI
475560,더본코리아,13790.0,1.7,KOSPI
520094,미래에셋 CD금리 플러스 ETN,102040.0,0.01,KOSPI
266160,RISE 고배당,32065.0,3.27,KOSPI
017860,DS단석,11440.0,1.78,KOSPI
005010,휴스틸,3610.0,1.4,KOSPI
003555,LG우,67200.0,3.23,KOSPI
394670,TIGER 글로벌리튬&2차전지SOLACTIVE(합성),11375.0,2.57,KOSPI
053690,한미글로벌,18330.0,-0.11,KOSPI
035150,백산,10060.0,0.3,KOSPI
03473K,SK우,350500.0,7.52,KOSPI
332930,HANARO 200TR,136820.0,3.75,KOSPI
0119H0,KODEX 28-12 회사채(AA-이상)액티브,9925.0,0.15,KOSPI
053210,스카이라이프,4145.0,0.97,KOSPI
001630,종근당홀딩스,39250.0,0.26,KOSPI
0005A0,KODEX 미국S&P500데일리커버드콜OTM,9875.0,0.61,KOSPI
000490,대동,6790.0,2.57,KOSPI
241590,화승엔터프라이즈,3230.0,-0.92,KOSPI
500029,신한 레버리지 은 선물 ETN(H),19545.0,7.83,KOSPI
463290,1Q 단기금융채액티브,109010.0,0.02,KOSPI
039570,HDC랩스,7510.0,1.08,KOSPI
011500,한농화성,12450.0,2.98,KOSPI
004980,성신양회,7940.0,2.45,KOSPI
302190,TIGER 중장기국채,50420.0,0.48,KOSPI
0069M0,1Q 미국나스닥100,14060.0,2.37,KOSPI
001130,대한제분,11480.0,0.44,KOSPI
530145,삼성 레버리지 천연가스 선물 ETN D,11350.0,-6.24,KOSPI
429000,TIGER 미국S&P500배당귀족,14070.0,0.82,KOSPI
495550,SOL 코리아밸류업TR,32275.0,3.3,KOSPI
491610,1Q CD금리액티브(합성),104625.0,0.02,KOSPI
0091C0,KODEX 미국10년국채액티브(H),9655.0,0.52,KOSPI
003350,한국화장품제조,8440.0,-0.82,KOSPI
033530,SJG세종,6810.0,2.87,KOSPI
422420,RISE 2차전지액티브,5945.0,1.54,KOSPI
100250,진양홀딩스,2960.0,0.34,KOSPI
433980,KODEX TDF2040액티브 적격,16265.0,1.02,KOSPI
128820,대성산업,4170.0,0.85,KOSPI
095570,AJ네트웍스,4165.0,0.12,KOSPI
102260,동성케미컬,3710.0,2.34,KOSPI
480040,ACE 미국반도체데일리타겟커버드콜(합성),16060.0,3.65,KOSPI
014710,사조씨푸드,10900.0,-0.73,KOSPI
016580,환인제약,10070.0,0.5,KOSPI
004310,현대약품,5850.0,4.46,KOSPI
339770,교촌에프앤비,3745.0,0.94,KOSPI
000140,하이트진로홀딩스,8030.0,-1.11,KOSPI
0082V0,KODEX TDF2060액티브 적격,11610.0,1.49,KOSPI
473460,KODEX 미국서학개미,23730.0,3.02,KOSPI
0040X0,SOL 팔란티어미국채커버드콜혼합,9590.0,4.47,KOSPI
003547,대신증권2우B,19300.0,1.58,KOSPI
102460,이연제약,9960.0,0.1,KOSPI
007860,서연,7880.0,0.51,KOSPI
117580,대성에너지,6690.0,-0.89,KOSPI
122090,PLUS 코스피50,79060.0,4.38,KOSPI
377190,디앤디플랫폼리츠,2065.0,0.24,KOSPI
267770,TIGER 200선물레버리지,79145.0,8.23,KOSPI
035510,신세계 I&C,13020.0,0.15,KOSPI
117700,KODEX 건설,6520.0,4.65,KOSPI
213500,한솔제지,7600.0,2.98,KOSPI
013890,지누스,8240.0,-8.14,KOSPI
200250,KIWOOM 인도Nifty50(합성),22740.0,0.07,KOSPI
234080,JW생명과학,11340.0,1.52,KOSPI
003610,방림,5590.0,3.14,KOSPI
006805,미래에셋증권우,12750.0,2.82,KOSPI
002100,경농,9190.0,0.44,KOSPI
088260,이리츠코크렙,2825.0,-3.09,KOSPI
004380,삼익THK,8630.0,3.73,KOSPI
458210,KIWOOM CD금리액티브(합성),110350.0,0.0,KOSPI
472870,RISE 미국30년국채엔화노출(합성 H),7270.0,0.9,KOSPI
013580,계룡건설,19730.0,2.39,KOSPI
003460,유화증권,3090.0,1.81,KOSPI
004560,현대비앤지스틸,11610.0,2.56,KOSPI
530104,삼성 레버리지 코스피200 선물 ETN,174390.0,8.83,KOSPI
025560,미래산업,6840.0,0.0,KOSPI
483290,KODEX 미국배당다우존스타겟커버드콜,10550.0,-0.19,KOSPI
003220,대원제약,7760.0,0.91,KOSPI
000300,DH오토넥스,4200.0,0.0,KOSPI
500069,신한 레버리지 코스피 200 선물 ETN,173240.0,8.35,KOSPI
160580,TIGER 구리실물,16715.0,-0.24,KOSPI
016450,한세예스24홀딩스,4300.0,-1.04,KOSPI
002150,도화엔지니어링,5100.0,1.19,KOSPI
233160,TIGER 코스닥150 레버리지,7245.0,3.21,KOSPI
0051G0,SOL 미국원자력SMR,13800.0,1.77,KOSPI
0094M0,RISE 코리아밸류업위클리고정커버드콜,17895.0,2.99,KOSPI
000700,유수홀딩스,6500.0,1.88,KOSPI
010580,에스엠벡셀,1520.0,1.33,KOSPI
332500,ACE 200TR,70215.0,4.01,KOSPI
001780,알루코,1732.0,3.84,KOSPI
097955,CJ제일제당 우,126300.0,0.72,KOSPI
487570,HS효성,44850.0,3.34,KOSPI
001080,만호제강,4025.0,2.42,KOSPI
494220,UNICORN SK하이닉스밸류체인액티브,44920.0,5.4,KOSPI
530136,삼성 인버스 2X 천연가스 선물 ETN D,16610.0,5.16,KOSPI
016880,웅진,2075.0,1.47,KOSPI
002170,SYTS,55000.0,1.48,KOSPI
462520,조선내화,13910.0,-0.29,KOSPI
000390,SP삼화,6040.0,0.5,KOSPI
0099L0,ACE 우량회사채(AA-이상)액티브,99615.0,0.13,KOSPI
480020,ACE 미국빅테크7+데일리타겟커버드콜(합성),11320.0,-0.31,KOSPI
237370,KODEX 코리아배당성장채권혼합,15730.0,0.58,KOSPI
0192Z0,TIGER 중기종합채권(A-이상)액티브,100965.0,0.13,KOSPI
0005G0,IBK K-AI반도체코어테크,47250.0,6.68,KOSPI
403790,MIDAS 코스피액티브,55730.0,3.32,KOSPI
002210,동성제약,1686.0,-2.2,KOSPI
400760,NH올원리츠,2950.0,-0.17,KOSPI
337160,KODEX 200ESG,46235.0,3.96,KOSPI
101530,해태제과식품,5540.0,-0.54,KOSPI
007570,일양약품,8450.0,-0.12,KOSPI
494330,ACE 라이프자산주주가치액티브,31805.0,2.32,KOSPI
0093A0,RISE AI반도체TOP10,29715.0,4.5,KOSPI
015230,대창단조,5910.0,3.14,KOSPI
0048K0,KODEX 차이나휴머노이드로봇,9320.0,1.19,KOSPI
570051,한투 나스닥100 ETN,32050.0,3.52,KOSPI
0190G0,KODEX 반도체타겟위클리커버드콜,8205.0,3.93,KOSPI
000860,강남제비스코,12300.0,0.08,KOSPI
480030,ACE 미국500데일리타겟커버드콜(합성),10515.0,0.0,KOSPI
490600,RISE 미국배당100데일리고정커버드콜,9390.0,-0.27,KOSPI
476450,KIWOOM 머니마켓액티브,52640.0,0.01,KOSPI
009470,삼화전기,24000.0,5.03,KOSPI
001045,CJ우,70200.0,3.85,KOSPI
460850,동국씨엠,5290.0,2.12,KOSPI
272560,RISE 단기국공채액티브,114680.0,0.02,KOSPI
491820,HANARO 전력설비투자,43545.0,9.49,KOSPI
0180V0,ACE 미국우주테크액티브,8240.0,5.64,KOSPI
219480,KODEX 미국S&P500선물(H),33510.0,1.93,KOSPI
293480,하나제약,8750.0,-1.46,KOSPI
005960,동부건설,6770.0,2.89,KOSPI
0127M0,ACE 미국대형가치주액티브,12655.0,1.28,KOSPI
0104H0,KoAct 미국나스닥채권혼합50액티브,12350.0,2.4,KOSPI
464240,KIWOOM 26-09회사채(AA-이상)액티브,52310.0,0.02,KOSPI
090350,노루페인트,7660.0,0.39,KOSPI
271980,제일약품,10390.0,2.16,KOSPI
00279K,아모레퍼시픽홀딩스3우C,21500.0,1.65,KOSPI
000520,삼일제약,7010.0,4.32,KOSPI
500099,신한 WTI원유 선물 ETN,15200.0,-7.65,KOSPI
245340,TIGER 미국다우존스30,37645.0,1.2,KOSPI
143860,TIGER 헬스케어,37830.0,1.42,KOSPI
071840,롯데하이마트,6400.0,0.16,KOSPI
000970,한국주철관,6600.0,0.92,KOSPI
011785,금호석유화학우,49500.0,0.2,KOSPI
003830,대한화섬,112500.0,-0.71,KOSPI
0064K0,KODEX 금액티브,12440.0,2.26,KOSPI
271050,KODEX WTI원유선물인버스(H),2280.0,7.04,KOSPI
461950,KODEX 2차전지핵심소재10,4420.0,1.14,KOSPI
025820,이구산업,4425.0,7.01,KOSPI
0153K0,KODEX 주주환원고배당주,12025.0,0.38,KOSPI
031440,신세계푸드,38150.0,0.0,KOSPI
451530,TIGER 국고채30년스트립액티브,35650.0,1.22,KOSPI
004970,신라교역,9160.0,-1.4,KOSPI
0151P0,RISE 코리아전략산업액티브,14360.0,5.16,KOSPI
0197X0,SOL SK하이닉스선물단일종목인버스2X,8320.0,-10.78,KOSPI
0041E0,KODEX 미국S&P500액티브,16940.0,1.99,KOSPI
152870,파워 200,105275.0,3.84,KOSPI
354500,ACE 코스닥150,13620.0,1.34,KOSPI
481180,SOL 미국AI소프트웨어,16440.0,3.2,KOSPI
003480,한진중공업홀딩스,4765.0,0.0,KOSPI
138520,TIGER 삼성그룹,34655.0,3.82,KOSPI
272550,삼양패키징,9320.0,0.87,KOSPI
094280,효성ITX,12130.0,0.25,KOSPI
550092,N2 월간 레버리지 방위산업 Top5 ETN,140125.0,5.15,KOSPI
570050,한투 S&P500선물 ETN,27900.0,1.99,KOSPI
304660,KODEX 미국30년국채울트라선물(H),7325.0,1.24,KOSPI
006060,화승인더,2510.0,-0.59,KOSPI
412570,TIGER 2차전지TOP10레버리지,1002.0,3.09,KOSPI
192090,TIGER 차이나CSI300,12930.0,0.54,KOSPI
700023,하나 Solactive 2X US Tech Top 10 ETN(H),137620.0,0.0,KOSPI
000020,동화약품,4920.0,0.1,KOSPI
015890,태경산업,4660.0,0.76,KOSPI
486830,HANARO 머니마켓액티브,53165.0,0.04,KOSPI
013520,화승코퍼레이션,2710.0,4.63,KOSPI
008350,남선알미늄,1048.0,-0.29,KOSPI
520098,미래에셋 레버리지 반도체 ETN,22495.0,8.12,KOSPI
020120,키다리스튜디오,3635.0,2.25,KOSPI
411420,KODEX 미국나스닥AI테크액티브,27720.0,1.99,KOSPI
004090,한국석유,10590.0,-0.84,KOSPI
476030,SOL 미국나스닥100,17805.0,2.36,KOSPI
495330,1Q 코리아밸류업,31250.0,3.03,KOSPI
0176E0,RISE 미국AI전력인프라액티브,10835.0,2.75,KOSPI
004150,한솔홀딩스,3255.0,1.24,KOSPI
500037,신한 레버리지 금 선물 ETN,66625.0,4.04,KOSPI
0123G0,TIGER 미국AI전력SMR,6920.0,2.52,KOSPI
520066,미래에셋 KRX금현물 Auto-KO-C 2810-01 ETN,22175.0,2.28,KOSPI
372330,KODEX 차이나항셍테크,7655.0,0.66,KOSPI
089470,HDC현대EP,4150.0,0.0,KOSPI
037560,LG헬로비전,1706.0,1.49,KOSPI
182480,TIGER 미국MSCI리츠(합성 H),14015.0,-0.92,KOSPI
448100,WON 200,107300.0,3.93,KOSPI
488720,WON 종합채권(AA-이상)액티브,48845.0,0.44,KOSPI
0168K0,TIGER 기술이전바이오액티브,6405.0,0.79,KOSPI
018470,조일알미늄,1031.0,-0.58,KOSPI
004080,신흥,14030.0,-0.14,KOSPI
0131W0,1Q 단기특수은행채액티브,101905.0,0.01,KOSPI
0181B0,HANARO 미국AI메모리반도체TOP4+,10315.0,4.4,KOSPI
550089,N2 월간 레버리지 코스피 200 선물 ETN,129350.0,9.78,KOSPI
214420,토니모리,5370.0,1.9,KOSPI
0080Y0,SOL 조선TOP3플러스레버리지,10155.0,9.55,KOSPI
002390,한독,9300.0,0.11,KOSPI
570106,한투 레버리지일본니케이225선물 ETN(H),51185.0,10.74,KOSPI
760007,키움 코스피 200 TR ETN,31980.0,4.53,KOSPI
012610,경인양행,3060.0,3.73,KOSPI
007540,샘표,44200.0,0.34,KOSPI
0074K0,KoAct K수출핵심기업TOP30액티브,16380.0,4.66,KOSPI
457990,PLUS 태양광&ESS,35735.0,7.64,KOSPI
024090,디씨엠,11110.0,0.82,KOSPI
0005D0,SOL 전고체배터리&실리콘음극재,13010.0,1.8,KOSPI
139220,TIGER 200 건설,7410.0,6.62,KOSPI
325010,KODEX 성장주,41520.0,4.44,KOSPI
210540,디와이파워,11260.0,3.3,KOSPI
214390,경보제약,5200.0,-0.57,KOSPI
081000,일진다이아,8740.0,1.75,KOSPI
0199C0,ACE 고배당주Plus커버드콜액티브,9075.0,1.17,KOSPI
011280,태림포장,1749.0,5.87,KOSPI
464310,TIGER 글로벌AI&로보틱스 INDXX,14915.0,1.53,KOSPI
011690,와이투솔루션,3370.0,3.69,KOSPI
463680,KODEX 미국S&P500테크놀로지,23275.0,3.61,KOSPI
114820,TIGER 국채3년,105385.0,0.24,KOSPI
001360,삼성제약,1309.0,-0.83,KOSPI
0000Y0,HK 26-12 회사채(AA-이상)액티브,101610.0,0.0,KOSPI
464930,TIGER 글로벌혁신블루칩TOP10,21880.0,1.11,KOSPI
399110,SOL 미국S&P500ESG,21870.0,1.32,KOSPI
107590,미원홀딩스,52500.0,-0.57,KOSPI
350520,이지스레지던스리츠,3295.0,0.3,KOSPI
004960,한신공영,10440.0,0.97,KOSPI
005800,신영와코루,13410.0,-0.52,KOSPI
0091M0,HANARO 27-06 회사채(AA-이상)액티브,10140.0,0.0,KOSPI
447620,SOL 미국TOP5채권혼합50,16275.0,0.22,KOSPI
530107,삼성 인버스 2X 코스닥150 선물 ETN,2005.0,-3.14,KOSPI
079430,현대리바트,5970.0,3.29,KOSPI
008970,KBI동양철관,1155.0,2.58,KOSPI
083420,그린케미칼,4990.0,1.22,KOSPI
309230,ACE 미국WideMoat동일가중,32020.0,1.35,KOSPI
014280,금강공업,4060.0,0.5,KOSPI
078000,텔코웨어,12880.0,2.79,KOSPI
267290,경동도시가스,20150.0,-0.49,KOSPI
367770,RISE 수소경제테마,22375.0,4.0,KOSPI
009070,KCTC,3945.0,1.68,KOSPI
0036R0,RISE 미국휴머노이드로봇,20220.0,1.81,KOSPI
009270,신원,1029.0,-0.39,KOSPI
0092B0,SOL 한국원자력SMR,14650.0,4.98,KOSPI
488500,TIGER 미국S&P500동일가중,13230.0,1.3,KOSPI
002460,HS화성,11550.0,1.32,KOSPI
251340,KODEX 코스닥150선물인버스,2540.0,-1.55,KOSPI
077500,유니퀘스트,5420.0,5.86,KOSPI
001520,동양,1092.0,1.68,KOSPI
002780,진흥기업,804.0,1.77,KOSPI
377990,TIGER Fn신재생에너지,23750.0,8.9,KOSPI
0174B0,KoAct 글로벌AI메모리반도체액티브,14565.0,6.2,KOSPI
002620,제일파마홀딩스,7240.0,0.84,KOSPI
034590,인천도시가스,26400.0,0.57,KOSPI
328370,PLUS 코스피TR,37155.0,4.22,KOSPI
0135Y0,IBK 중기종합채권(AA-이상)액티브,100490.0,0.08,KOSPI
498180,파워 종합채권(AA-이상)액티브,93825.0,0.34,KOSPI
471760,TIGER AI반도체핵심공정,13005.0,8.78,KOSPI
0122W0,RISE 26-11 회사채(AA-이상)액티브,50890.0,0.0,KOSPI
227840,현대코퍼레이션홀딩스,12460.0,0.48,KOSPI
304940,KODEX 미국나스닥100선물(H),32830.0,3.0,KOSPI
010100,한국무브넥스,3700.0,1.09,KOSPI
168580,ACE 중국본토CSI300,35915.0,1.25,KOSPI
012200,계양전기,4115.0,9.01,KOSPI
491230,PLUS 국공채머니마켓액티브,52400.0,0.04,KOSPI
016710,대성홀딩스,6930.0,0.58,KOSPI
500050,신한 레버리지 S&P500 선물 ETN,55730.0,3.51,KOSPI
017550,수산세보틱스,1780.0,6.08,KOSPI
014580,태경비케이,4025.0,1.64,KOSPI
332940,HANARO MSCI Korea TR,46180.0,2.92,KOSPI
465610,ACE 미국빅테크TOP7 Plus레버리지(합성),46160.0,2.07,KOSPI
469170,ACE 포스코그룹포커스,5455.0,2.35,KOSPI
013570,디와이,4175.0,-0.48,KOSPI
261270,KODEX 미국달러선물인버스,7845.0,0.45,KOSPI
011810,STX,3530.0,0.0,KOSPI
014530,극동유화,3135.0,-0.16,KOSPI
394660,TIGER 글로벌자율주행&전기차SOLACTIVE,16655.0,2.43,KOSPI
092220,KEC,2720.0,5.22,KOSPI
319640,TIGER 골드선물(H),24650.0,2.77,KOSPI
266370,KODEX IT,63800.0,6.06,KOSPI
012320,경동인베스트,45750.0,1.1,KOSPI
438570,SOL 국고채10년,99435.0,0.93,KOSPI
0052T0,1Q 중단기회사채(A-이상)액티브,50610.0,0.02,KOSPI
019180,티에이치엔,6000.0,3.45,KOSPI
012800,대창,1180.0,5.64,KOSPI
0177X0,ACE K휴머노이드로봇산업TOP2+,9950.0,3.38,KOSPI
0085P0,ACE 미국10년국채액티브,10175.0,0.05,KOSPI
120030,조선선재,84700.0,0.47,KOSPI
0193M0,BNK 27-12 특수채(AAA이상)액티브,50320.0,0.04,KOSPI
760011,키움 레버리지 2차전지산업 ETN,6860.0,1.7,KOSPI
326240,RISE IT플러스,41535.0,4.5,KOSPI
035000,HS애드,6560.0,0.0,KOSPI
021820,세원정공,10490.0,-0.57,KOSPI
0184L0,PLUS 중기종합채권(A-이상)액티브,100620.0,0.15,KOSPI
0132K0,PLUS 테슬라위클리커버드콜채권혼합,8140.0,0.12,KOSPI
0000J0,PLUS 한화그룹주,27165.0,5.58,KOSPI
009580,무림P&P,1671.0,0.12,KOSPI
248170,샘표식품,22800.0,-1.3,KOSPI
078935,GS우,58200.0,-0.34,KOSPI
0191W0,HANARO 중기종합채권(A-이상)액티브,100910.0,0.13,KOSPI
267850,아시아나IDT,9310.0,-0.43,KOSPI
610037,메리츠 미국채30년 ETN(H),7375.0,1.44,KOSPI
070960,모나용평,2145.0,0.47,KOSPI
475280,ACE 8월만기자동연장회사채AA-이상액티브,10710.0,-0.05,KOSPI
481430,RISE 국고채10년액티브,99490.0,0.89,KOSPI
004250,NPC,2805.0,1.63,KOSPI
002220,한일철강,3835.0,8.18,KOSPI
475050,ACE KPOP포커스,7030.0,-1.68,KOSPI
465780,마이티 26-09 특수채(AAA)액티브,106175.0,0.0,KOSPI
0221V0,IBK 초단기채권액티브,100165.0,0.0,KOSPI
027970,한국제지,536.0,0.0,KOSPI
496090,KIWOOM 코리아밸류업,31340.0,3.3,KOSPI
264900,크라운제과,8100.0,0.25,KOSPI
530055,삼성 레버리지 금 선물 ETN(H),101425.0,5.9,KOSPI
002450,삼익악기,1120.0,0.0,KOSPI
023450,동남합성,28800.0,0.17,KOSPI
119650,KC코트렐,918.0,0.0,KOSPI
204480,TIGER 차이나CSI300레버리지(합성),26990.0,2.02,KOSPI
0035T0,PLUS 글로벌휴머노이드로봇액티브,20615.0,3.44,KOSPI
008040,사조동아원,706.0,-0.7,KOSPI
114100,RISE 국고채3년,106915.0,0.24,KOSPI
123690,한국화장품,6180.0,1.48,KOSPI
455860,SOL 2차전지소부장Fn,4135.0,1.35,KOSPI
37550L,DL이앤씨2우(전환),46950.0,6.95,KOSPI
195980,PLUS 신흥국MSCI(합성 H),15055.0,2.69,KOSPI
449770,KIWOOM 미국S&P500,21945.0,1.43,KOSPI
476850,KoAct 배당성장액티브,21000.0,3.7,KOSPI
485690,RISE 미국AI밸류체인TOP3Plus,23145.0,4.26,KOSPI
308620,KODEX 미국10년국채선물,11960.0,0.04,KOSPI
468380,KODEX iShares미국하이일드액티브,11315.0,-0.13,KOSPI
0138Y0,PLUS 금채권혼합,9745.0,1.25,KOSPI
530061,삼성 레버리지 은 선물 ETN(H),32345.0,8.54,KOSPI
461500,HANARO 종합채권(AA-이상)액티브,105660.0,0.44,KOSPI
007210,벽산,1484.0,2.34,KOSPI
0137V0,KIWOOM 미국S&P500모멘텀,12115.0,2.89,KOSPI
203780,TIGER 미국나스닥바이오,34035.0,1.1,KOSPI
412770,TIGER 글로벌AI플랫폼액티브,13165.0,4.03,KOSPI
016740,두올,3360.0,2.44,KOSPI
006840,AK홀딩스,7270.0,-1.09,KOSPI
325020,KODEX 배당가치,28965.0,2.73,KOSPI
008700,아남전자,1236.0,-1.67,KOSPI
433970,KODEX TDF2030액티브 적격,14275.0,0.88,KOSPI
0142D0,TIGER 미국AI데이터센터TOP4Plus,11070.0,3.17,KOSPI
0007N0,아이엠에셋 200,104950.0,3.82,KOSPI
067830,세이브존I&C,2300.0,0.22,KOSPI
473440,ACE 11월만기자동연장회사채AA-이상액티브,10820.0,0.05,KOSPI
143850,TIGER 미국S&P500선물(H),78425.0,1.9,KOSPI
014790,HL D&I,2470.0,0.61,KOSPI
479620,SOL 미국AI반도체칩메이커,26695.0,3.99,KOSPI
036580,팜스코,2520.0,1.0,KOSPI
006660,삼성공조,11380.0,1.88,KOSPI
058850,KTcs,2230.0,0.68,KOSPI
211900,KODEX 코리아배당성장,27960.0,1.27,KOSPI
500096,신한 인버스2X 천연가스 선물 ETN B,18405.0,5.11,KOSPI
0209D0,KODEX 전고체배터리ESS TOP2플러스,7360.0,3.95,KOSPI
008260,NI스틸,3210.0,0.47,KOSPI
454320,HANARO CAPEX설비투자iSelect,42685.0,6.89,KOSPI
269540,PLUS 미국S&P500(H),30525.0,1.94,KOSPI
001275,부국증권우,30350.0,1.17,KOSPI
032560,황금에스티,5340.0,0.38,KOSPI
014440,영보화학,4535.0,0.44,KOSPI
453080,KIWOOM 미국나스닥100(H),23200.0,3.02,KOSPI
329670,KODEX TRF7030,22615.0,1.0,KOSPI
444490,WON 미국S&P500,21025.0,1.35,KOSPI
015590,DKME,1686.0,-0.12,KOSPI
0193G0,KoAct 코스피액티브,8160.0,4.15,KOSPI
013700,까뮤이앤씨,1494.0,0.88,KOSPI
004100,태양금속,2430.0,1.67,KOSPI
359210,KODEX 코스피TR,34235.0,4.06,KOSPI
460960,ACE 글로벌인컴TOP10,11475.0,-0.04,KOSPI
570019,한투 코스피양매도5%OTM ETN,5910.0,2.43,KOSPI
004140,동방,1840.0,1.27,KOSPI
023000,삼원강재,2220.0,-0.22,KOSPI
610064,메리츠 KAP 통안채 6개월 ETN,54990.0,0.02,KOSPI
058860,KTis,2525.0,0.2,KOSPI
486240,DAISHIN343 AI반도체&인프라액티브,27460.0,5.94,KOSPI
495040,PLUS 코리아밸류업,31360.0,4.8,KOSPI
0162L0,KODEX 차이나AI반도체TOP10,13935.0,3.22,KOSPI
298770,KODEX 한국대만IT프리미어,79035.0,3.63,KOSPI
580039,KB 레버리지 KOSPI 200 선물 ETN,173255.0,8.35,KOSPI
139990,아주스틸,2225.0,0.0,KOSPI
025620,차AI헬스케어,4710.0,0.53,KOSPI
469060,RISE 미국반도체NYSE,37260.0,5.4,KOSPI
329660,KODEX TRF5050,18200.0,0.72,KOSPI
210980,SK디앤디,4575.0,0.99,KOSPI
453330,RISE 미국S&P500(H),18375.0,1.89,KOSPI
004840,DRB동일,4385.0,0.0,KOSPI
005740,크라운해태홀딩스,5690.0,0.71,KOSPI
461460,PLUS 국고채10년액티브,51985.0,0.97,KOSPI
007610,선도전기,4670.0,16.6,KOSPI
363280,티와이홀딩스,1841.0,2.05,KOSPI
023800,인지컨트롤스,5290.0,2.12,KOSPI
0017Y0,1Q 종합채권(AA-이상)액티브,94535.0,0.46,KOSPI
108450,ACE 삼성그룹섹터가중,37970.0,3.97,KOSPI
157490,TIGER 소프트웨어,8755.0,1.51,KOSPI
004890,동일산업,34200.0,-0.73,KOSPI
0057H0,PLUS 미국S&P500미국채혼합50액티브,12075.0,0.33,KOSPI
0066W0,SOL 국제금,12585.0,2.19,KOSPI
069730,DSR제강,5680.0,3.46,KOSPI
002600,조흥,136100.0,1.11,KOSPI
011700,한신기계,2500.0,4.82,KOSPI
490480,SOL K방산,29960.0,3.51,KOSPI
007980,TP,1723.0,2.93,KOSPI
163560,동일고무벨트,5810.0,0.52,KOSPI
0049M0,ACE 미국배당퀄리티+커버드콜액티브,11625.0,0.82,KOSPI
006090,사조오양,8500.0,0.12,KOSPI
138530,TIGER LG그룹플러스,11755.0,3.57,KOSPI
001470,삼부토건,347.0,0.0,KOSPI
550093,N2 전력인프라 Top5 ETN,39740.0,9.28,KOSPI
002200,한국수출포장,2345.0,0.0,KOSPI
019680,대교,976.0,9.05,KOSPI
009180,한솔로지스틱스,2785.0,0.54,KOSPI
228810,TIGER 미디어컨텐츠,3305.0,-2.51,KOSPI
492500,1Q 현대차그룹채권(A+이상)&국고통안,51305.0,0.12,KOSPI
013360,일성건설,1445.0,2.41,KOSPI
458030,WON 국공채머니마켓액티브,54915.0,0.0,KOSPI
364960,TIGER BBIG,6410.0,0.08,KOSPI
111380,동인기연,12640.0,0.56,KOSPI
0190Y0,TIGER 구글밸류체인,9555.0,4.71,KOSPI
084680,이월드,545.0,1.3,KOSPI
001290,상상인증권,713.0,3.03,KOSPI
009190,대양금속,1753.0,0.92,KOSPI
0113D0,TIME 글로벌탑픽액티브,12430.0,1.06,KOSPI
337140,KODEX 코스피대형주,34980.0,3.8,KOSPI
0098N0,PLUS 자사주매입고배당주,12710.0,0.63,KOSPI
007590,동방아그로,5640.0,0.0,KOSPI
000105,유한양행우,65000.0,1.56,KOSPI
495750,HANARO 코리아밸류업,31330.0,2.65,KOSPI
014160,대영포장,708.0,1.29,KOSPI
0225V0,KODEX 미국CPU반도체TOP10,10960.0,6.41,KOSPI
438560,SOL 국고채3년,100690.0,0.32,KOSPI
000590,CS홀딩스,66200.0,0.91,KOSPI
096775,SK이노베이션우,60900.0,-0.65,KOSPI
550091,N2 방위산업 Top5 ETN,37765.0,2.14,KOSPI
441540,HANARO Fn조선해운,27920.0,5.0,KOSPI
002700,신일전자,1097.0,0.37,KOSPI
272910,ACE 중장기국공채액티브,106505.0,0.41,KOSPI
210780,TIGER 코스피고배당,22770.0,0.95,KOSPI
570117,한투 인버스2XWTI원유선물 ETN B,3410.0,14.05,KOSPI
109070,주성코퍼레이션,1418.0,0.0,KOSPI
001260,남광토건,7600.0,2.43,KOSPI
0018C0,PLUS 고배당주위클리고정커버드콜,10615.0,1.77,KOSPI
005750,대림바스,4475.0,2.17,KOSPI
063160,종근당바이오,13530.0,-1.17,KOSPI
0080X0,SOL 미국S&P500미국채혼합50,11415.0,0.71,KOSPI
013870,지엠비코리아,3880.0,0.52,KOSPI
000230,일동홀딩스,6400.0,0.79,KOSPI
010960,삼호개발,3055.0,1.33,KOSPI
000180,성창기업지주,5280.0,1.73,KOSPI
434960,DAISHIN343 K200,105080.0,3.89,KOSPI
004720,팜젠사이언스,3245.0,-2.41,KOSPI
211560,TIGER 배당성장,35000.0,1.04,KOSPI
0102A0,TIGER 미국AI소프트웨어TOP4Plus,8590.0,4.95,KOSPI
000850,화천기공,33350.0,1.99,KOSPI
365040,TIGER AI코리아그로스액티브,34930.0,4.14,KOSPI
003580,HLB글로벌,1446.0,4.63,KOSPI
155660,DSR,4565.0,2.01,KOSPI
017370,우신시스템,3980.0,0.25,KOSPI
0194T0,ACE SK하이닉스단일종목레버리지,8840.0,11.13,KOSPI
130730,KIWOOM 단기자금,102835.0,0.0,KOSPI
011150,CJ씨푸드,2005.0,0.25,KOSPI
570120,한투 레버리지천연가스선물 ETN C,14290.0,-6.33,KOSPI
500094,신한 블룸버그 인버스2X WTI원유선물 ETN B,3400.0,13.71,KOSPI
760016,키움 레버리지 조선TOP10 ETN,71110.0,10.6,KOSPI
0197W0,SOL SK하이닉스단일종목레버리지,8660.0,10.11,KOSPI
002795,아모레퍼시픽홀딩스우,11060.0,0.27,KOSPI
475350,RISE 버크셔포트폴리오TOP10,15165.0,0.63,KOSPI
084670,동양고속,24350.0,5.41,KOSPI
530115,삼성 레버리지 나스닥 100 TR ETN,70490.0,5.79,KOSPI
33626K,두산퓨얼셀1우,5250.0,8.36,KOSPI
338100,NH프라임리츠,3740.0,-2.86,KOSPI
570116,한투 레버리지WTI원유선물 ETN B,34885.0,-14.59,KOSPI
031820,아이티센씨티에스,5730.0,-0.17,KOSPI
095720,웅진씽크빅,1220.0,1.41,KOSPI
002720,국제약품,3275.0,0.31,KOSPI
520081,미래에셋 2X 미국 테크&반도체 TOP3 ETN,69000.0,7.83,KOSPI
440640,ACE 단기채권알파액티브,112435.0,0.02,KOSPI
266420,KODEX 헬스케어,17155.0,1.21,KOSPI
079980,휴비스,1988.0,-0.45,KOSPI
009770,삼정펄프,27400.0,1.29,KOSPI
0008T0,SOL 화장품TOP3플러스,15050.0,-0.33,KOSPI
458750,TIGER 미국배당다우존스타겟커버드콜1호,13360.0,0.19,KOSPI
453950,TIGER TSMC파운드리밸류체인,34800.0,4.43,KOSPI
0022T0,SOL 국제금커버드콜액티브,13025.0,2.24,KOSPI
018500,동원모빌리티,1445.0,1.26,KOSPI
001020,페이퍼코리아,1895.0,0.58,KOSPI
0098Z0,FOCUS 200,89635.0,5.25,KOSPI
228800,TIGER 여행레저,2585.0,1.97,KOSPI
433880,PLUS TDF2060액티브 적격,19160.0,1.24,KOSPI
120115,코오롱인더우,24200.0,0.83,KOSPI
006890,태경케미컬,5770.0,-0.17,KOSPI
252400,RISE 200선물레버리지,95565.0,8.27,KOSPI
016090,대현,1505.0,0.0,KOSPI
085310,엔케이,8970.0,4.55,KOSPI
010040,한국내화,1612.0,1.38,KOSPI
0115E0,KODEX 코리아소버린AI,14225.0,3.42,KOSPI
610066,메리츠 KAP 통안채 3개월 ETN,54990.0,0.0,KOSPI
530126,삼성 코리아 밸류업 TR ETN,32805.0,4.01,KOSPI
0040S0,HANARO 글로벌피지컬AI액티브,25120.0,4.12,KOSPI
058730,다스코,3220.0,0.78,KOSPI
495940,RISE 미국AI테크액티브,20700.0,2.55,KOSPI
0036D0,TIME 미국배당다우존스액티브,13020.0,-0.34,KOSPI
278620,PLUS 단기채권액티브,118780.0,0.02,KOSPI
530067,삼성 KRX 금현물 ETN,32520.0,2.07,KOSPI
0089C0,KODEX 미국S&P500변동성확대시커버드콜,11900.0,1.67,KOSPI
100220,비상교육,4985.0,1.22,KOSPI
396690,미래에셋글로벌리츠,1634.0,-1.27,KOSPI
530131,삼성 인버스0.5X S&P500 VIX S/T선물 ETN B,21565.0,-0.99,KOSPI
100910,KIWOOM KRX100,16560.0,4.64,KOSPI
001560,제일연마,8480.0,0.0,KOSPI
0000D0,TIGER 엔비디아미국채커버드콜밸런스(합성),9380.0,0.64,KOSPI
292190,KODEX KRX300,45870.0,3.39,KOSPI
520080,미래에셋 미국 테크&반도체 TOP3 ETN,21405.0,0.0,KOSPI
570100,한투 일본종합상사TOP5 ETN,21295.0,-1.14,KOSPI
550084,N2 코스피 200 TR ETN,31855.0,4.1,KOSPI
479730,TIGER 인도빌리언컨슈머,10615.0,0.28,KOSPI
491700,HK 200,106025.0,4.68,KOSPI
009200,무림페이퍼,1527.0,0.0,KOSPI
277640,TIGER 코스피대형주,36285.0,4.57,KOSPI
580069,KB S&P 인버스 2X WTI원유 선물 ETN B,3430.0,12.83,KOSPI
002630,오리엔트바이오,1070.0,18.63,KOSPI
476750,ACE 미국30년국채엔화노출액티브(H),7815.0,0.77,KOSPI
0123S0,HANARO 26-12 은행채(AA+이상)액티브,10180.0,0.1,KOSPI
055490,테이팩스,13140.0,0.0,KOSPI
760018,키움 미국달러선물 ETN B,10450.0,-0.52,KOSPI
455660,ACE 미국하이일드액티브(H),9470.0,0.26,KOSPI
520087,미래에셋 레버리지 KRX 금현물 ETN,31220.0,4.36,KOSPI
071090,하이스틸,3090.0,4.92,KOSPI
072130,유엔젤,4910.0,0.31,KOSPI
419890,KIWOOM 단기채권ESG액티브,107410.0,0.03,KOSPI
007460,에이프로젠,2640.0,1.93,KOSPI
068290,삼성출판사,6210.0,-2.66,KOSPI
700022,하나 Solactive US Tech Top 10 ETN(H),30925.0,0.0,KOSPI
005870,휴니드,4360.0,1.63,KOSPI
004440,삼일씨엔에스,4830.0,-1.23,KOSPI
475310,SOL 반도체후공정,23550.0,4.78,KOSPI
225040,TIGER 미국S&P500레버리지(합성 H),69290.0,3.74,KOSPI
010660,화천기계,2765.0,0.55,KOSPI
0111J0,HANARO 증권고배당TOP3플러스,13295.0,2.27,KOSPI
440910,WON 미국우주항공방산,27400.0,2.26,KOSPI
111110,호전실업,6640.0,-0.3,KOSPI
004770,써니전자,1692.0,0.83,KOSPI
453640,KODEX 미국S&P500헬스케어,13925.0,-0.54,KOSPI
473640,HANARO 글로벌금채굴기업,29860.0,5.2,KOSPI
465330,RISE 2차전지TOP10,9960.0,0.96,KOSPI
275980,TIGER 글로벌4차산업혁신기술(합성 H),23400.0,2.59,KOSPI
002760,보락,987.0,1.75,KOSPI
007110,일신석재,763.0,2.14,KOSPI
580010,KB Wise 분할매매 ETN,9845.0,6.37,KOSPI
261240,KODEX 미국달러선물,14685.0,-0.54,KOSPI
0141S0,SOL 조선기자재,8620.0,7.48,KOSPI
003925,남양유업우,30950.0,0.32,KOSPI
0181L0,SOL 미국우주항공TOP10,7405.0,3.13,KOSPI
003010,혜인,4600.0,2.56,KOSPI
520089,미래에셋 CAPE 실러 US Core Sector ETN,11680.0,0.39,KOSPI
306950,KODEX KRX300레버리지,72845.0,7.82,KOSPI
123310,TIGER 인버스,1193.0,-4.18,KOSPI
520092,미래에셋 레버리지 은 선물 ETN B,29005.0,8.05,KOSPI
000220,유유제약,3660.0,0.83,KOSPI
0185L0,TIME 글로벌휴머노이드로봇산업액티브,8230.0,2.81,KOSPI
0166S0,PLUS K제조업핵심기업액티브,10580.0,4.75,KOSPI
455960,RISE 미국달러SOFR금리액티브(합성),12460.0,-0.4,KOSPI
129260,인터지스,1916.0,0.47,KOSPI
401470,KODEX 메타버스액티브,9555.0,-0.98,KOSPI
075180,새론오토모티브,2960.0,0.0,KOSPI
261070,TIGER 코스닥150바이오테크,12625.0,0.44,KOSPI
428510,KODEX 차이나AI테크액티브,24475.0,4.44,KOSPI
530113,삼성 레버리지 S&P500 선물 ETN,56290.0,3.39,KOSPI
0118Z0,ACE 미국AI테크핵심산업액티브,9180.0,3.73,KOSPI
500071,신한 레버리지 코스닥 150 선물 ETN,22390.0,3.06,KOSPI
024900,디와이덕양,1717.0,0.12,KOSPI
520086,미래에셋-0.5X S&P500 VIX S/T선물 ETN(H)B,22360.0,-0.6,KOSPI
491220,PLUS 200TR,124045.0,3.46,KOSPI
480310,TIGER 글로벌온디바이스AI,20195.0,4.23,KOSPI
0046Y0,ACE 미국배당퀄리티,13065.0,1.12,KOSPI
020760,일진디스플,902.0,0.0,KOSPI
520102,미래에셋 인버스 2X 코스피200 선물 ETN B,27735.0,-8.13,KOSPI
010770,평화홀딩스,3790.0,-0.92,KOSPI
090080,평화산업,1009.0,0.2,KOSPI
150460,TIGER 중국소비테마,7235.0,0.21,KOSPI
011230,삼화전자,2875.0,5.7,KOSPI
278240,RISE 코스닥150선물레버리지,7355.0,3.37,KOSPI
298340,PLUS 국채선물3년,56660.0,0.24,KOSPI
580076,KB 레버리지 미국 나스닥 100 TR ETN B,27480.0,6.53,KOSPI
004450,삼화왕관,25500.0,2.2,KOSPI
005305,롯데칠성우,70800.0,-0.14,KOSPI
445150,KODEX 친환경조선해운액티브,28880.0,4.18,KOSPI
002140,고려산업,2195.0,1.62,KOSPI
092440,기신정기,1874.0,0.37,KOSPI
0172V0,1Q 은액티브,8270.0,4.22,KOSPI
000725,현대건설우,51500.0,3.41,KOSPI
003475,유안타증권우,4220.0,1.93,KOSPI
214330,금호에이치티,5170.0,-1.52,KOSPI
003465,유화증권우,3085.0,0.16,KOSPI
520057,미래에셋 인버스 2X 코스닥150 선물 ETN,2020.0,-3.35,KOSPI
0210E0,PLUS 200커버드콜액티브,7230.0,4.25,KOSPI
123700,SJM,3415.0,2.09,KOSPI
0132H0,KODEX 미국원자력SMR,8875.0,2.9,KOSPI
002410,범양건영,1935.0,0.0,KOSPI
114470,KIWOOM 국고채3년,108295.0,0.26,KOSPI
0194M0,ACE 삼성전자단일종목레버리지,10155.0,4.8,KOSPI
0118S0,SOL 미국넥스트테크TOP10액티브,11395.0,5.12,KOSPI
0226A0,PLUS SK하이닉스샌디스크채권혼합50,10595.0,3.92,KOSPI
0113P0,HK 머니마켓액티브,102190.0,0.02,KOSPI
000950,전방,31500.0,6.6,KOSPI
580056,KB 일본 로보틱스 TOP 10 ETN,26390.0,2.45,KOSPI
520072,미래에셋 미국 AI TOP3 ETN,17580.0,1.09,KOSPI
012690,모나리자,1442.0,0.07,KOSPI
101140,인바이오젠,5230.0,0.0,KOSPI
520100,미래에셋 레버리지 삼성전자 단일종목 ETN,10505.0,5.42,KOSPI
520037,미래에셋 코스피200 선물 ETN,26255.0,5.15,KOSPI
385590,ACE ESG액티브,22820.0,4.63,KOSPI
530124,삼성 레버리지 일본니케이225선물 ETN(H),52455.0,7.32,KOSPI
378850,화승알앤에이,2760.0,0.73,KOSPI
304780,HANARO 200선물레버리지,116410.0,8.67,KOSPI
025530,SJM홀딩스,3505.0,0.14,KOSPI
570104,한투 일본니케이225선물 ETN(H),17430.0,3.97,KOSPI
007280,한국특강,1825.0,0.83,KOSPI
006880,신송홀딩스,4395.0,1.85,KOSPI
004060,SG세계물산,2560.0,-0.97,KOSPI
580081,KB 인버스 2X 은 선물 ETN,51655.0,-2.8,KOSPI
200030,KODEX 미국S&P500산업재(합성),45750.0,1.66,KOSPI
001465,BYC우,23950.0,0.63,KOSPI
520101,미래에셋 레버리지 SK하이닉스 단일종목ETN,10275.0,11.44,KOSPI
282000,RISE 국고채3년선물인버스,114045.0,-0.24,KOSPI
004830,덕성,3270.0,1.55,KOSPI
001550,조비,9840.0,1.13,KOSPI
580034,KB 레버리지 FANG 플러스 ETN(H),102030.0,6.14,KOSPI
101280,KODEX 일본TOPIX100,30940.0,0.95,KOSPI
37550K,DL이앤씨우,24000.0,1.27,KOSPI
006370,대구백화점,4685.0,-4.09,KOSPI
442560,RISE TDF2040액티브 적격,16850.0,1.91,KOSPI
475260,ACE 2월만기자동연장회사채AA-이상액티브,10720.0,0.0,KOSPI
570119,한투 인버스2X은선물 ETN,50465.0,-6.29,KOSPI
360140,KODEX 200롱코스닥150숏선물,22825.0,2.61,KOSPI
023810,인팩,5020.0,1.01,KOSPI
256750,KODEX 차이나심천ChiNext(합성),16400.0,0.68,KOSPI
500095,신한 S&P500 VIX S/T 선물 ETN E,8360.0,0.36,KOSPI
140700,KODEX 보험,18575.0,2.77,KOSPI
0000Z0,RISE 바이오TOP10액티브,9285.0,-0.05,KOSPI
003780,진양산업,3850.0,1.18,KOSPI
009320,아진전자부품,1015.0,1.91,KOSPI
372910,한컴라이프케어,1808.0,2.79,KOSPI
0041D0,KODEX 미국AI소프트웨어TOP10,13510.0,4.53,KOSPI
494840,TIGER 미국방산TOP10,14060.0,0.86,KOSPI
006980,우성,16140.0,2.35,KOSPI
275300,KODEX 우량주,29315.0,4.6,KOSPI
476260,HANARO 반도체핵심공정주도주,11960.0,3.46,KOSPI
011300,우성머티리얼스,2940.0,-1.84,KOSPI
287180,PLUS 미국나스닥테크,58140.0,4.38,KOSPI
0020H0,KoAct 글로벌양자컴퓨팅액티브,23505.0,5.24,KOSPI
610061,메리츠 3X 레버리지 국채30년 ETN,24635.0,2.52,KOSPI
0139P0,ACE 고배당주,13285.0,1.03,KOSPI
0192L0,RISE SK하이닉스단일종목레버리지,8970.0,10.81,KOSPI
580082,KB 레버리지 반도체 TOP10 TR ETN,19580.0,11.25,KOSPI
570118,한투 인버스2X천연가스선물 ETN B,12150.0,4.79,KOSPI
520074,미래에셋 미국 방위산업 TOP3 ETN,16195.0,0.47,KOSPI
276990,KODEX 글로벌로봇(합성),27445.0,2.91,KOSPI
011000,진원생명과학,2670.0,0.0,KOSPI
004920,씨아이테크,930.0,0.32,KOSPI
461340,HANARO 글로벌생성형AI액티브,44050.0,3.14,KOSPI
530143,삼성 인버스 2X 은 선물 ETN,48330.0,-8.81,KOSPI
041650,상신브레이크,2250.0,2.27,KOSPI
006125,SK디스커버리우,39200.0,1.69,KOSPI
610101,메리츠 인버스 2X 은 선물 ETN(H),48255.0,-8.91,KOSPI
473490,KIWOOM 글로벌AI반도체,31120.0,0.52,KOSPI
442260,마이티 다이나믹퀀트액티브,36505.0,3.99,KOSPI
002920,유성기업,1854.0,0.27,KOSPI
336160,RISE 금융채액티브,100545.0,0.18,KOSPI
610078,메리츠 3X 레버리지 미국채30년 ETN,39770.0,3.42,KOSPI
253150,PLUS 200선물레버리지,190840.0,7.69,KOSPI
35320K,대덕전자1우,22700.0,6.07,KOSPI
007815,코리아써우,16030.0,14.58,KOSPI
001620,케이비아이동국실업,2135.0,2.15,KOSPI
261220,KODEX WTI원유선물(H),20875.0,-6.91,KOSPI
447430,ACE 주주환원가치주액티브,16085.0,0.94,KOSPI
218420,KODEX 미국S&P500에너지(합성),19380.0,-1.47,KOSPI
0178H0,IBK 미국AI TOP10국채혼합50,10165.0,0.69,KOSPI
28513K,SK케미칼우,22300.0,0.68,KOSPI
021050,서원,991.0,3.77,KOSPI
570061,한투 레버리지은선물 ETN,46860.0,8.48,KOSPI
520091,미래에셋 인버스 천연가스 선물 ETN B,11685.0,2.19,KOSPI
418670,TIGER 글로벌AI사이버보안,17925.0,4.64,KOSPI
152500,ACE 레버리지,42285.0,7.94,KOSPI
0086B0,TIGER 리츠부동산인프라TOP10액티브,9480.0,0.48,KOSPI
069460,대호에이엘,2660.0,0.0,KOSPI
472830,RISE 미국30년국채커버드콜(합성),8300.0,0.85,KOSPI
371470,TIGER 차이나바이오테크SOLACTIVE,8405.0,1.02,KOSPI
316670,KIWOOM 코스닥150,6745.0,1.58,KOSPI
140950,파워 코스피100,82140.0,3.85,KOSPI
0198A0,KIWOOM 코스닥150커버드콜액티브,8560.0,1.24,KOSPI
004910,조광페인트,3575.0,0.7,KOSPI
001210,금호전기,3690.0,0.68,KOSPI
453650,KODEX 미국S&P500금융,20230.0,0.75,KOSPI
357250,미래에셋맵스리츠,1817.0,0.06,KOSPI
401170,RISE 메타버스,11440.0,1.19,KOSPI
005030,부산주공,486.0,0.0,KOSPI
074610,이엔플러스,5110.0,0.0,KOSPI
520073,미래에셋 레버리지 미국 AI TOP3 ETN,44780.0,2.17,KOSPI
003080,SB성보,2235.0,1.13,KOSPI
475270,ACE 5월만기자동연장회사채AA-이상액티브,10705.0,0.05,KOSPI
520056,미래에셋 레버리지 코스닥150 선물 ETN,22235.0,3.23,KOSPI
456680,TIGER 차이나전기차레버리지(합성),7495.0,1.83,KOSPI
452250,ACE 미국30년국채선물레버리지(합성 H),4845.0,2.22,KOSPI
009835,한화솔루션우,17170.0,3.37,KOSPI
004540,깨끗한나라,1180.0,2.79,KOSPI
196030,ACE 일본TOPIX레버리지(H),87825.0,4.24,KOSPI
295020,RISE 국채선물10년인버스,59660.0,-1.0,KOSPI
238720,ACE 일본Nikkei225(H),48355.0,3.65,KOSPI
0141T0,SOL 중기종합채권(AA-이상)액티브,50325.0,0.13,KOSPI
480370,씨케이솔루션,1338.0,3.88,KOSPI
000910,유니온,2780.0,0.18,KOSPI
610038,메리츠 레버리지 미국채30년 ETN(H),4315.0,2.62,KOSPI
481850,신한글로벌액티브리츠,992.0,0.1,KOSPI
092780,DYP,3275.0,3.31,KOSPI
610089,메리츠 인버스 2X WTI원유 선물 ETN(H),3580.0,13.83,KOSPI
440650,ACE 미국달러단기채권액티브,11925.0,-0.42,KOSPI
008420,문배철강,2090.0,1.46,KOSPI
429760,PLUS 미국S&P500,20405.0,1.37,KOSPI
550041,N2 미국 IT TOP5 ETN(H),61205.0,1.8,KOSPI
0007G0,PLUS 글로벌원자력밸류체인,14035.0,3.58,KOSPI
375770,KODEX 탄소효율그린뉴딜,23745.0,2.97,KOSPI
011390,부산산업,40100.0,2.82,KOSPI
520078,미래에셋 미국 제약 TOP3 ETN,14080.0,-0.18,KOSPI
023350,한국종합기술,3855.0,-1.91,KOSPI
442090,에셋플러스 코리아대장장이액티브,28100.0,3.73,KOSPI
473590,ACE 미국주식베스트셀러,18690.0,5.53,KOSPI
261120,TIGER 미국달러선물인버스2X,4990.0,0.91,KOSPI
520075,미래에셋 레버리지 미국 방위산업 TOP3 ETN,41880.0,0.56,KOSPI
004410,서울식품,1058.0,0.57,KOSPI
084870,TBH글로벌,2040.0,1.24,KOSPI
0191M0,마이티 5월만기자동연장특수채(AAA)액티브,100530.0,0.01,KOSPI
019490,엑시큐어하이트론,541.0,0.0,KOSPI
491830,TIGER 미국AI반도체팹리스,22955.0,5.52,KOSPI
305050,ACE 코스피,68790.0,3.79,KOSPI
464470,PLUS 미국채30년액티브,49905.0,0.72,KOSPI
0220B0,DS 코스닥액티브,9665.0,4.54,KOSPI
570082,한투 인버스2X코스닥150선물 ETN,2050.0,-2.38,KOSPI
465660,TIGER 일본반도체FACTSET,27320.0,3.35,KOSPI
139280,TIGER 경기방어,12490.0,0.69,KOSPI
487130,KoAct AI인프라액티브,26370.0,5.84,KOSPI
570103,한투 인버스2X나스닥100 ETN B,4045.0,-7.01,KOSPI
017040,광명전기,932.0,0.0,KOSPI
365000,TIGER 인터넷TOP10,3860.0,0.65,KOSPI
0100K0,KODEX 방산TOP10레버리지,7200.0,7.78,KOSPI
011420,갤럭시아에스엠,1460.0,-0.54,KOSPI
520082,미래에셋 미국 자율주행대표기업 ETN,13400.0,0.87,KOSPI
003680,한성기업,6440.0,-0.62,KOSPI
0189B0,TIGER 은액티브,7900.0,3.07,KOSPI
183700,RISE 200채권혼합50,94850.0,2.22,KOSPI
400970,TIGER Fn메타버스,7780.0,0.19,KOSPI
012280,영화금속,799.0,-0.5,KOSPI
448570,FOCUS AI코리아액티브,29270.0,3.79,KOSPI
322410,HANARO K고배당,22560.0,1.71,KOSPI
469050,RISE 미국반도체NYSE(H),32875.0,5.64,KOSPI
145270,케이탑리츠,819.0,-0.36,KOSPI
017180,명문제약,1158.0,1.94,KOSPI
134790,시디즈,19500.0,-0.26,KOSPI
472840,IBK 200,103935.0,4.45,KOSPI
026940,부국철강,1942.0,2.26,KOSPI
475070,KoAct 글로벌친환경전력인프라액티브,32365.0,3.57,KOSPI
520077,미래에셋 -1.5X 천연가스 선물 ETN,15535.0,3.7,KOSPI
437070,KODEX 아시아달러채권ESG플러스액티브,61330.0,-0.08,KOSPI
000215,DL우,22900.0,-0.65,KOSPI
352540,KODEX 일본부동산리츠(H),11335.0,-0.44,KOSPI
253250,KIWOOM 200선물레버리지,93990.0,7.82,KOSPI
570127,한투 인버스2X코스피200선물 ETN,38515.0,-11.86,KOSPI
014910,성문전자,1760.0,7.51,KOSPI
139320,TIGER 금은선물(H),17470.0,2.98,KOSPI
465350,RISE 2차전지TOP10인버스(합성),19200.0,-0.93,KOSPI
147970,TIGER 모멘텀,79950.0,4.69,KOSPI
195930,TIGER 유로스탁스50(합성 H),23975.0,0.95,KOSPI
008870,금비,38350.0,-0.13,KOSPI
012160,영흥,2455.0,-0.61,KOSPI
047400,유니온머티리얼,910.0,1.22,KOSPI
570102,한투 레버리지나스닥100 ETN B,18995.0,5.94,KOSPI
000890,보해양조,1375.0,2.61,KOSPI
550064,N2 레버리지 은 선물 ETN(H),37805.0,8.12,KOSPI
700027,하나 반도체 ETN,37545.0,6.19,KOSPI
023960,에쓰씨엔지니어링,980.0,0.62,KOSPI
352560,KODEX 미국부동산리츠(H),12610.0,0.12,KOSPI
580077,KB 인버스 2X 미국 나스닥 100 TR ETN B,12350.0,-6.37,KOSPI
275280,KODEX 모멘텀주,41120.0,4.7,KOSPI
009460,한창제지,3100.0,-3.43,KOSPI
498860,RISE 코리아금융고배당,16740.0,1.15,KOSPI
000760,이화산업,13120.0,0.61,KOSPI
446070,유니드비티플러스,3460.0,3.44,KOSPI
276970,KODEX 미국S&P500배당귀족커버드콜(합성 H),7770.0,0.06,KOSPI
002880,디와이에이,779.0,0.52,KOSPI
0192M0,RISE 삼성전자단일종목레버리지,10225.0,4.44,KOSPI
0085N0,ACE 미국10년국채액티브(H),9800.0,0.56,KOSPI
468630,KODEX iShares미국투자등급회사채액티브,11285.0,0.22,KOSPI
027740,마니커,1140.0,4.01,KOSPI
449690,TIGER 한중반도체(합성),48205.0,7.84,KOSPI
760005,키움 INDXX 미국테크탑10 ETN,36035.0,-0.01,KOSPI
322400,HANARO e커머스,10565.0,0.05,KOSPI
292560,TIGER 일본엔선물,8350.0,-0.48,KOSPI
104530,KIWOOM 코리아고배당,17485.0,0.92,KOSPI
049800,우진플라임,1786.0,-2.03,KOSPI
133820,화인베스틸,961.0,-0.62,KOSPI
500040,신한 레버리지 구리 선물 ETN,35385.0,1.0,KOSPI
0112X0,마이티 200TR,39055.0,2.98,KOSPI
013000,세우글로벌,1224.0,0.41,KOSPI
0209Z0,ACE 코리아AI전력TOP10,7085.0,9.08,KOSPI
580068,KB S&P 레버리지 WTI원유 선물 ETN B,35025.0,-14.21,KOSPI
276650,RISE 글로벌테크놀로지(합성 H),46670.0,2.71,KOSPI
0154F0,WON 초대형IB&금융지주,12230.0,1.79,KOSPI
002870,신풍,994.0,-1.09,KOSPI
500093,신한 블룸버그 레버리지 WTI원유선물 ETN B,34725.0,-13.89,KOSPI
138910,KODEX 구리선물(H),10195.0,1.04,KOSPI
099140,KODEX 차이나H,22350.0,-0.18,KOSPI
530133,삼성 블룸버그 레버리지 WTI원유선물 ETN B,34630.0,-14.34,KOSPI
0023B0,PLUS 미국양자컴퓨팅TOP10,17305.0,4.94,KOSPI
700029,하나 S&P 레버리지 WTI원유 선물 ETN B,34570.0,-13.49,KOSPI
407830,에셋플러스 글로벌플랫폼액티브,14355.0,3.24,KOSPI
174360,RISE 중국본토대형주CSI100,24595.0,0.55,KOSPI
002420,세기상사,5760.0,3.41,KOSPI
459560,KODEX 테슬라밸류체인FactSet,22100.0,0.14,KOSPI
0186S0,1Q 코스닥150채권혼합50액티브,8245.0,1.17,KOSPI
610088,메리츠 레버리지 WTI원유 선물 ETN(H),34205.0,-14.05,KOSPI
241390,RISE V&S셀렉트밸류채권혼합,15495.0,0.42,KOSPI
009140,경인전자,21700.0,4.33,KOSPI
449780,KIWOOM 미국S&P500(H),18915.0,2.05,KOSPI
610007,메리츠 국채30년 ETN,6805.0,0.0,KOSPI
153270,KIWOOM 코스피100,80910.0,4.33,KOSPI
004365,세방우,9180.0,0.77,KOSPI
476690,TIGER 글로벌비만치료제TOP2Plus,10565.0,-1.54,KOSPI
474800,KIWOOM 미국원유에너지기업,14995.0,-1.74,KOSPI
380340,ACE 코리아AI테크핵심산업,28065.0,7.12,KOSPI
415920,PLUS 글로벌희토류&전략자원생산기업,7150.0,4.23,KOSPI
450910,SOL 코스닥150,13220.0,1.54,KOSPI
464920,PLUS 일본반도체소부장,25825.0,3.92,KOSPI
143210,핸즈코퍼레이션,1199.0,0.0,KOSPI
491090,KODEX 미국테크TOP3플러스,18645.0,1.83,KOSPI
036420,콘텐트리중앙,1742.0,3.38,KOSPI
256440,ACE MSCI인도네시아(합성),5500.0,2.42,KOSPI
496770,PLUS 글로벌방산,19125.0,0.92,KOSPI
459750,RISE 글로벌주식분산액티브,18590.0,1.7,KOSPI
570069,한투 레버리지플래티넘선물 ETN,33360.0,14.44,KOSPI
105780,RISE 5대그룹주,16500.0,5.16,KOSPI
266360,KODEX K콘텐츠,10300.0,-0.1,KOSPI
385520,KODEX 자율주행액티브,15680.0,4.81,KOSPI
494410,PLUS 미국S&P500성장주,14945.0,1.94,KOSPI
520047,미래에셋 인버스 2X 옥수수 선물 ETN,32845.0,4.15,KOSPI
610075,메리츠 3X 레버리지 미국채10년 ETN,54305.0,1.5,KOSPI
227540,TIGER 200 헬스케어,18710.0,1.68,KOSPI
500085,신한 코스피 200 TR ETN,32540.0,8.68,KOSPI
0089B0,PLUS 미국나스닥100미국채혼합50,11615.0,0.91,KOSPI
007120,미래아이앤지,1190.0,1.1,KOSPI
003060,에이프로젠바이오로직스,2255.0,-0.22,KOSPI
001070,대한방직,6130.0,0.66,KOSPI
261140,TIGER 우선주,23875.0,3.02,KOSPI
570065,한투 레버리지베트남VN30선물 ETN(H),32450.0,0.25,KOSPI
530117,삼성 코스피 200 TR ETN,32345.0,3.9,KOSPI
122260,KIWOOM 통안채1년,104035.0,0.03,KOSPI
494340,ACE 글로벌AI맞춤형반도체,21415.0,8.24,KOSPI
0138T0,RISE 미국S&P500데일리고정커버드콜,10020.0,1.31,KOSPI
395290,HANARO Fn K-POP&미디어,5130.0,-2.01,KOSPI
0155N0,HANARO K휴머노이드테마TOP10,7865.0,3.9,KOSPI
245350,TIGER 유로스탁스배당30,19850.0,0.1,KOSPI
500035,신한 레버리지 미국달러 선물 ETN,15860.0,-0.6,KOSPI
570072,한투 레버리지구리선물 ETN,31700.0,0.0,KOSPI
510045,대신 인버스 2X 미국달러 선물 ETN,21110.0,0.0,KOSPI
005820,원림,13770.0,0.66,KOSPI
520079,미래에셋 레버리지 미국 제약 TOP3 ETN,31590.0,0.32,KOSPI
069640,한세엠케이,1453.0,2.76,KOSPI
011330,유니켐,3500.0,1.45,KOSPI
010400,우진아이엔에스,4090.0,-2.73,KOSPI
005360,모나미,1647.0,1.98,KOSPI
001380,SG글로벌,1383.0,1.62,KOSPI
426150,WON 대한민국국고채액티브,51570.0,0.69,KOSPI
395170,KODEX Top10동일가중,15490.0,5.09,KOSPI
415340,KODEX 차이나과창판STAR50(합성),14965.0,4.98,KOSPI
387270,TIGER 글로벌이노베이션액티브,25510.0,3.59,KOSPI
0107F0,KIWOOM 미국고배당&AI테크,12090.0,1.64,KOSPI
308170,씨티알모빌리티,3580.0,0.0,KOSPI
530118,삼성 코스닥 150 TR ETN,10255.0,1.38,KOSPI
004870,티웨이홀딩스,1357.0,-3.76,KOSPI
025750,한솔홈데코,1904.0,1.01,KOSPI
0155M0,ACE 미국SMR원자력TOP10,7385.0,2.57,KOSPI
476070,KODEX 글로벌비만치료제TOP2 Plus,11115.0,-1.07,KOSPI
009810,플레이그램,1936.0,1.41,KOSPI
520065,미래에셋 -2X 미국채울트라30년 선물 ETN,15185.0,0.0,KOSPI
071950,코아스,2100.0,2.19,KOSPI
006570,대림통상,1994.0,-1.04,KOSPI
252710,TIGER 200선물인버스2X,94.0,-7.84,KOSPI
139270,TIGER 200 금융,16590.0,2.03,KOSPI
248270,TIGER S&P글로벌헬스케어(합성),26485.0,0.65,KOSPI
033250,체시스,4700.0,20.36,KOSPI
090370,메타랩스,1099.0,2.71,KOSPI
014130,한익스프레스,2535.0,2.01,KOSPI
156080,KODEX MSCI Korea,49900.0,4.43,KOSPI
023150,MH에탄올,4055.0,0.12,KOSPI
446690,KODEX 아시아AI반도체exChina액티브,59770.0,5.68,KOSPI
0198D0,1Q SK하이닉스선물단일종목레버리지,9080.0,9.33,KOSPI
002690,동일제강,1459.0,-0.14,KOSPI
275290,KODEX 가치주,32830.0,3.55,KOSPI
570029,한투 코스피양매도3%OTM ETN,5880.0,2.8,KOSPI
118000,메타케어,1330.0,2.78,KOSPI
271060,KODEX 3대농산물선물(H),8080.0,-1.46,KOSPI
520093,미래에셋 인버스 2X 은 선물 ETN B,2440.0,-9.29,KOSPI
450190,KODEX 한중반도체(합성),48740.0,5.2,KOSPI
192720,파워 고배당저변동성,57260.0,0.37,KOSPI
0204S0,TIGER 코스닥액티브,6545.0,4.14,KOSPI
024070,WISCOM,1903.0,-1.91,KOSPI
469790,KIWOOM 코리아테크TOP10,41645.0,4.78,KOSPI
475380,RISE 글로벌리얼티인컴,10785.0,-0.09,KOSPI
0137W0,KIWOOM 미국S&P500&GOLD,10725.0,1.37,KOSPI
489290,WON 미국빌리어네어,15630.0,0.64,KOSPI
030720,동원수산,6190.0,11.13,KOSPI
008250,이건산업,2630.0,0.38,KOSPI
145850,TREX 펀더멘탈 200,114795.0,2.4,KOSPI
760026,키움 레버리지 전력 TOP5 ETN,19120.0,19.46,KOSPI
570047,한투 FTSE100 ETN,28585.0,0.23,KOSPI
500102,신한 블룸버그 2X 천연가스 선물 ETN B,14290.0,-6.08,KOSPI
014990,인디에프,1902.0,-0.11,KOSPI
006345,대원전선우,10890.0,6.87,KOSPI
0150K0,KoAct 수소전력ESS인프라액티브,10000.0,3.63,KOSPI
477730,KODEX 인도타타그룹,8025.0,-0.37,KOSPI
419430,KODEX 차이나2차전지MSCI(합성),10160.0,2.42,KOSPI
0083S0,1Q 미국메디컬AI,9790.0,1.29,KOSPI
0164G0,RISE 차이나AI반도체TOP4Plus,13515.0,2.15,KOSPI
245360,TIGER 차이나HSCEI,12900.0,-0.19,KOSPI
0223R0,TIGER 미국테크NYSE100액티브,9850.0,2.87,KOSPI
088790,진도,2260.0,-1.95,KOSPI
520090,미래에셋 천연가스 선물 ETN B,7030.0,-3.43,KOSPI
0192T0,SOL 코스닥TOP10,6850.0,1.56,KOSPI
381560,HANARO Fn전기&수소차,16990.0,5.46,KOSPI
261250,KODEX 미국달러선물레버리지,16905.0,-1.08,KOSPI
520083,미래에셋 2X 미국 자율주행대표기업 ETN,27865.0,2.73,KOSPI
510044,대신 레버리지 미국달러 선물 ETN,18565.0,0.0,KOSPI
003535,한화투자증권우,5780.0,1.58,KOSPI
530128,삼성 레버리지 미국다우존스 선물 ETN,27730.0,3.64,KOSPI
437350,RISE 미국단기투자등급회사채액티브,12585.0,-0.32,KOSPI
414270,ACE 글로벌자율주행액티브,12535.0,1.09,KOSPI
580049,KB 차이나 중형주 CSI 500 ETN,13775.0,0.0,KOSPI
010640,진양폴리,1647.0,3.0,KOSPI
167860,KIWOOM 국고채10년레버리지,94750.0,1.8,KOSPI
289480,TIGER 200커버드콜,11945.0,3.82,KOSPI
0103T0,1Q K소버린AI,8860.0,2.43,KOSPI
0065G0,KODEX 차이나테크TOP10,9785.0,0.67,KOSPI
530119,삼성 레버리지 항셍테크 TR ETN(H) B,27370.0,2.24,KOSPI
493420,SOL 미국배당다우존스2호,13015.0,0.31,KOSPI
357430,마스턴프리미어리츠,895.0,-0.67,KOSPI
223190,KODEX 200가치저변동,27270.0,2.63,KOSPI
610069,메리츠 KAP 레버리지 일본 엔화 ETN,18110.0,-1.01,KOSPI
117460,KODEX 에너지화학,12930.0,2.62,KOSPI
0013R0,RISE 테슬라미국채타겟커버드콜혼합(합성),7985.0,0.13,KOSPI
570124,한투 인버스은선물 ETN,13550.0,-4.51,KOSPI
0184E0,1Q 200채권혼합50액티브,10820.0,3.05,KOSPI
0047R0,RISE 팔란티어고정테크100,15445.0,4.18,KOSPI
0166N0,PLUS 코스닥150액티브,7175.0,2.72,KOSPI
093240,형지엘리트,438.0,-0.9,KOSPI
025890,한국주강,2405.0,5.25,KOSPI
440340,TIGER 글로벌멀티에셋TIF액티브,12460.0,0.48,KOSPI
002820,SUN&L,2220.0,0.0,KOSPI
610028,메리츠 레버리지 구리 선물 ETN(H),26670.0,0.81,KOSPI
580048,KB 차이나 대형주 CSI 300 ETN,13300.0,1.03,KOSPI
461600,SOL 미국30년국채액티브(H),8435.0,1.44,KOSPI
530063,삼성 레버리지 구리 선물 ETN(H),26485.0,1.63,KOSPI
006490,프리티,895.0,-1.65,KOSPI
005110,한창,1254.0,0.0,KOSPI
483570,KCGI 미국S&P500 TOP10,16500.0,1.38,KOSPI
550069,N2 레버리지 구리 선물 ETN(H),26380.0,1.33,KOSPI
0152E0,SOL 배당성향탑픽액티브,10955.0,0.64,KOSPI
580057,KB 일본 컨슈머 TOP 10 ETN,13145.0,0.04,KOSPI
530130,삼성 S&P500 VIX S/T 선물 ETN B,8745.0,0.69,KOSPI
292770,KODEX 국채선물3년인버스,57450.0,-0.15,KOSPI
438320,TIGER 차이나항셍테크레버리지(합성 H),5960.0,1.27,KOSPI
500023,신한 콩 선물 ETN(H),13055.0,-1.4,KOSPI
0097L0,KIWOOM 한국고배당&미국AI테크,12715.0,1.19,KOSPI
0203S0,WON 삼성전자현대차채권혼합50,8545.0,1.42,KOSPI
0115C0,RISE 미국고배당다우존스TOP10,11300.0,-0.13,KOSPI
700012,하나 인버스 2X 옥수수 선물 ETN(H),25980.0,0.0,KOSPI
277540,ACE 아시아TOP50,32470.0,2.4,KOSPI
261060,TIGER 코스닥150IT,21615.0,4.4,KOSPI
005320,온타이드,756.0,3.14,KOSPI
0093D0,KoAct 팔란티어밸류체인액티브,18405.0,5.65,KOSPI
33637K,솔루스첨단소재1우,1520.0,0.26,KOSPI
479850,HANARO K-뷰티,17080.0,0.12,KOSPI
0218J0,RISE 미국우주&로봇TOP2미국채혼합50,8535.0,-1.22,KOSPI
0049K0,ACE 미국배당퀄리티채권혼합50,11375.0,0.71,KOSPI
610022,메리츠 미국채10년 ETN(H),8480.0,0.71,KOSPI
0067V0,TIGER 차이나글로벌리더스TOP3+,10585.0,1.34,KOSPI
760004,키움 인버스 미국달러선물 ETN,9385.0,-0.05,KOSPI
0190M0,KIWOOM 미국AI테크하이베타,9315.0,7.38,KOSPI
580073,KB 레버리지 화웨이 밸류체인 ETN,25135.0,7.46,KOSPI
280930,KODEX 미국러셀2000(H),17240.0,2.04,KOSPI
006740,블루산업개발,1052.0,0.0,KOSPI
469160,ACE 일본반도체,27665.0,3.52,KOSPI
002355,넥센타이어1우B,3830.0,0.13,KOSPI
269420,KODEX S&P글로벌인프라(합성),23380.0,-0.93,KOSPI
368190,HANARO Fn K-뉴딜디지털플러스,7735.0,1.91,KOSPI
481340,RISE 미국30년국채액티브,8975.0,1.07,KOSPI
496120,ACE 코리아밸류업,32830.0,3.86,KOSPI
185680,KODEX 미국S&P바이오(합성),46015.0,2.03,KOSPI
580072,KB 화웨이 밸류체인 ETN,12235.0,3.91,KOSPI
019175,신풍제약우,12250.0,3.03,KOSPI
300950,KODEX 게임산업,5665.0,-2.24,KOSPI
195970,PLUS 선진국MSCI(합성 H),16670.0,1.09,KOSPI
117680,KODEX 철강,11575.0,4.85,KOSPI
610001,메리츠 인플레이션 국채 ETN,12150.0,0.16,KOSPI
204450,KODEX 차이나H레버리지(H),2405.0,0.84,KOSPI
580071,KB 인버스 2X 천연가스 선물 ETN B,12090.0,5.13,KOSPI
138230,KIWOOM 미국달러선물,16655.0,-0.36,KOSPI
388280,RISE K엔터&여행레저,7210.0,0.07,KOSPI
024890,대원화성,2895.0,2.12,KOSPI
610036,메리츠 인버스 2X 대표 농산물 선물 ETN(H),23850.0,3.36,KOSPI
457690,KODEX 33-06 국고채액티브,10580.0,0.57,KOSPI
003495,대한항공우,21400.0,1.18,KOSPI
550088,N2 월간 레버리지 선진국 1등주 ETN,23700.0,0.77,KOSPI
411540,SOL 200 Top10,16920.0,3.39,KOSPI
292500,SOL KRX300,47275.0,6.38,KOSPI
0193L0,PLUS 삼성전자선물단일종목인버스2X,11805.0,-4.41,KOSPI
217770,TIGER 원유선물인버스(H),1450.0,6.7,KOSPI
0186L0,KoAct 미국로봇피지컬AI액티브,10205.0,2.82,KOSPI
550087,N2 선진국 1등주 ETN,11725.0,0.0,KOSPI
530089,삼성 은 선물 ETN(H),23435.0,4.2,KOSPI
459790,KIWOOM 미국성장기업30액티브,21295.0,2.9,KOSPI
009310,참엔지니어링,5330.0,0.0,KOSPI
433220,에셋플러스 글로벌대장장이액티브,31480.0,3.21,KOSPI
289250,TIGER MSCI KOREA ESG유니버설,33760.0,4.15,KOSPI
159800,마이티 코스피100,83080.0,3.95,KOSPI
0144M0,KODEX 미국드론UAM TOP10,8160.0,6.39,KOSPI
442550,RISE TDF2030액티브 적격,15000.0,1.21,KOSPI
292160,TIGER KRX300,46435.0,4.52,KOSPI
0198B0,1Q 삼성전자선물단일종목레버리지,10450.0,4.92,KOSPI
471460,KIWOOM 국고채30년액티브,46115.0,1.02,KOSPI
500100,신한 금 선물 ETN,11525.0,1.32,KOSPI
530116,삼성 인버스 2X 나스닥 100 TR ETN,4595.0,-6.32,KOSPI
0047P0,RISE 테슬라고정테크100,14750.0,1.24,KOSPI
700013,하나 레버리지 콩 선물 ETN(H),22790.0,0.0,KOSPI
0206G0,1Q 현대차기아채권혼합50,8285.0,1.59,KOSPI
33626L,두산퓨얼셀2우B,7600.0,7.8,KOSPI
700017,하나 레버리지 코스닥150 선물 ETN,22645.0,3.64,KOSPI
364690,KODEX 혁신기술테마액티브,37680.0,5.19,KOSPI
139250,TIGER 200 에너지화학,16605.0,3.55,KOSPI
300640,RISE 게임테마,6495.0,-2.4,KOSPI
570081,한투 레버리지코스닥150선물 ETN,22400.0,3.39,KOSPI
530106,삼성 레버리지 코스닥150 선물 ETN,22320.0,2.88,KOSPI
004270,남성,6150.0,2.5,KOSPI
0026E0,KODEX 미국S&P500버퍼3월액티브,12000.0,0.0,KOSPI
002360,SH에너지화학,1996.0,0.0,KOSPI
570115,한투 인버스0.5X S&P500 VIX S/T선물 ETN B,22170.0,-0.98,KOSPI
367740,HANARO Fn5G산업,40200.0,4.13,KOSPI
225130,ACE 골드선물 레버리지(합성 H),44200.0,5.06,KOSPI
364990,TIGER 게임TOP10,4840.0,-2.62,KOSPI
461450,KODEX 코스닥글로벌,14675.0,1.73,KOSPI
447660,PLUS 애플채권혼합,13755.0,0.26,KOSPI
0177A0,WON 두산그룹포커스,8795.0,4.39,KOSPI
463300,RISE 중국본토CSI300,13740.0,0.0,KOSPI
580067,KB 인도 디지털 Select 5 ETN,10985.0,0.32,KOSPI
008775,호텔신라우,29200.0,0.69,KOSPI
239660,PLUS 우량회사채50,121565.0,0.05,KOSPI
464600,SOL 자동차소부장Fn,22995.0,6.11,KOSPI
0127R0,RISE 미국AI클라우드인프라,18200.0,5.88,KOSPI
0106J0,대신 KOSPI200인덱스 X클래스,18990.0,4.2,KOSPI
0153X0,PLUS 미국고배당주액티브,11435.0,-0.35,KOSPI
570122,한투 인버스금선물 ETN,10790.0,-3.23,KOSPI
0221Z0,ACE K바이오코스닥액티브,10780.0,0.94,KOSPI
530140,삼성 iSelect 레버리지 조선 TOP10 TR ETN,21545.0,11.14,KOSPI
000040,KR모터스,1247.0,-0.08,KOSPI
051630,진양화학,1011.0,-1.75,KOSPI
610047,메리츠 인버스 국채3년 ETN,10685.0,0.0,KOSPI
169950,KODEX 차이나A50,26670.0,1.29,KOSPI
580074,KB BYD 밸류체인 ETN,10630.0,0.38,KOSPI
760022,키움 K방산 TOP5 ETN,10610.0,3.01,KOSPI
376410,TIGER 탄소효율그린뉴딜,23575.0,3.99,KOSPI
253290,RISE 헬스케어채권혼합,11700.0,0.73,KOSPI
489000,PLUS 일본엔화초단기국채(합성),9550.0,-0.47,KOSPI
375760,HANARO 탄소효율그린뉴딜,23320.0,2.48,KOSPI
152380,KODEX 국채선물10년,65715.0,0.91,KOSPI
108590,TREX 200,104050.0,3.92,KOSPI
371450,TIGER 글로벌클라우드컴퓨팅INDXX,13680.0,2.97,KOSPI
001420,태원물산,2735.0,1.11,KOSPI
500091,신한 33-12 국고채 플러스 ETN,10365.0,0.0,KOSPI
610085,메리츠 레버리지 미국채30년 스트립 ETN(H),34335.0,4.95,KOSPI
580075,KB 레버리지 BYD 밸류체인 ETN,20600.0,0.0,KOSPI
500072,신한 인버스 2X 코스닥 150 선물 ETN,2050.0,-3.3,KOSPI
497780,KoAct 미국천연가스인프라액티브,10765.0,-0.46,KOSPI
416090,ACE 중국과창판STAR50,13600.0,4.33,KOSPI
530112,삼성 S&P500 TR ETN,20345.0,1.57,KOSPI
176950,KODEX 국채선물10년인버스,59450.0,-1.02,KOSPI
404260,KODEX 기후변화솔루션,22440.0,5.85,KOSPI
0223A0,RISE 코스닥커버드콜액티브,10095.0,2.12,KOSPI
610018,메리츠 국채10년 ETN,10025.0,0.0,KOSPI
091220,TIGER 은행,16430.0,0.89,KOSPI
337120,KODEX 멀티팩터,33400.0,7.72,KOSPI
700034,하나 레버리지 K방산TOP10 ETN,13355.0,6.84,KOSPI
0104P0,TIGER 코리아배당다우존스위클리커버드콜,11095.0,1.23,KOSPI
015020,이스타코,928.0,0.0,KOSPI
461910,PLUS 미국테크TOP10레버리지(합성),39680.0,2.14,KOSPI
550085,N2 코스닥 150 TR ETN,9895.0,1.8,KOSPI
011090,에넥스,1668.0,-6.71,KOSPI
304770,HANARO 코스닥150,13520.0,1.46,KOSPI
760008,키움 코스닥 150 TR ETN,9845.0,1.65,KOSPI
610103,메리츠 솔랙티브 레버리지 금 선물 ETN(H),19685.0,0.0,KOSPI
465770,STX그린로지스,2720.0,-2.68,KOSPI
580089,KB 솔랙티브 레버리지 금 선물 ETN,19600.0,5.01,KOSPI
580066,KB 인도 대형 성장주 Select 5 ETN,9770.0,-0.61,KOSPI
520039,미래에셋 코스닥150 선물 ETN,9770.0,1.72,KOSPI
001685,대상우,14250.0,0.42,KOSPI
417630,TIGER KEDI혁신기업ESG30,18580.0,2.57,KOSPI
006200,한국전자홀딩스,2080.0,-1.65,KOSPI
226980,KODEX 200 중소형,21630.0,2.73,KOSPI
289040,KODEX MSCI KOREA ESG유니버설,32395.0,4.86,KOSPI
213630,PLUS 미국다우존스고배당주(합성 H),21125.0,0.69,KOSPI
236350,TIGER 인도니프티50레버리지(합성),31310.0,-0.32,KOSPI
570125,한투 솔랙티브레버리지금선물 ETN,19380.0,5.07,KOSPI
0018Z0,RISE 미국양자컴퓨팅,19375.0,4.14,KOSPI
760021,키움 코스피200 선물 달러노출 ETN,27635.0,3.64,KOSPI
445910,TIGER MKF배당귀족,20255.0,-0.1,KOSPI
0203R0,WON 중단기종합채권(A-이상)액티브,50410.0,0.11,KOSPI
580026,KB S&P 레버리지 은 선물 ETN(H),38310.0,8.43,KOSPI
760012,키움 반도체TOP10 ETN,27290.0,4.02,KOSPI
407310,HANARO 200 TOP10,16565.0,3.24,KOSPI
468370,KODEX iShares미국인플레이션국채액티브,11050.0,-0.23,KOSPI
415760,SOL 차이나육성산업액티브(합성),13880.0,3.97,KOSPI
460660,RISE 미국S&P배당킹,12545.0,0.6,KOSPI
487950,KODEX 대만테크고배당다우존스,12965.0,1.93,KOSPI
461900,PLUS 미국테크TOP10,23240.0,1.02,KOSPI
0192S0,SOL 코스피200채권혼합50,9285.0,1.87,KOSPI
610104,메리츠 솔랙티브 인버스 2X 금 선물 ETN(H),18560.0,-5.45,KOSPI
530138,삼성 KRX 레버리지 2차전지 TOP10 TR ETN,18440.0,8.44,KOSPI
474920,에셋플러스 차이나일등기업포커스10액티브,19615.0,0.72,KOSPI
570071,한투 구리선물 ETN,18305.0,0.36,KOSPI
610003,메리츠 미국 인플레이션 국채 ETN(H),9125.0,0.0,KOSPI
580070,KB 레버리지 2차전지 TOP 10 TR ETN,18230.0,2.42,KOSPI
219390,RISE 미국S&P원유생산기업(합성 H),7435.0,-3.44,KOSPI
483330,ACE 마이크로소프트밸류체인액티브,15175.0,1.4,KOSPI
570126,한투 솔랙티브인버스2X금선물 ETN,18175.0,0.0,KOSPI
183710,RISE 주식혼합,90520.0,3.4,KOSPI
228820,TIGER KTOP30,18095.0,3.64,KOSPI
00499K,롯데지주우,22400.0,1.82,KOSPI
304760,HANARO KRX300,45080.0,2.79,KOSPI
284980,RISE 200금융,21990.0,1.59,KOSPI
580090,KB 솔랙티브 인버스 2X 금 선물 ETN,18025.0,-0.47,KOSPI
477490,에셋플러스 글로벌일등기업포커스10액티브,19965.0,1.99,KOSPI
449580,RISE 테슬라애플아마존채권혼합,16325.0,-0.06,KOSPI
229720,KODEX KTOP30,35895.0,4.33,KOSPI
419650,PLUS 글로벌수소&차세대연료전지,5420.0,3.34,KOSPI
445690,BNK 주주가치액티브,29765.0,2.23,KOSPI
0105D0,SOL 한국AI소프트웨어,9895.0,3.34,KOSPI
008600,윌비스,2620.0,0.0,KOSPI
015260,에이엔피,373.0,-0.53,KOSPI
009440,KC그린홀딩스,756.0,0.0,KOSPI
108675,LX하우시스우,16940.0,1.5,KOSPI
610040,메리츠 인버스 2X 미국채30년 ETN(H),17410.0,-2.41,KOSPI
453630,KODEX 미국S&P500필수소비재,12870.0,0.94,KOSPI
0104G0,PLUS K방산레버리지,6805.0,6.91,KOSPI
195920,TIGER 일본TOPIX(합성 H),34695.0,2.04,KOSPI
530123,삼성 일본니케이225선물 ETN(H),17295.0,4.28,KOSPI
250730,RISE 차이나HSCEI(H),10160.0,1.65,KOSPI
332620,PLUS 미국장기우량회사채,92330.0,0.83,KOSPI
280320,ACE 미국IT인터넷(합성 H),21500.0,1.42,KOSPI
0086C0,TIGER 리츠부동산인프라10채권혼합액티브,9815.0,0.26,KOSPI
385600,ACE 2차전지&친환경차액티브,11390.0,4.02,KOSPI
227830,PLUS 코스피,68320.0,4.19,KOSPI
610081,메리츠 레버리지 멕시코 페소화 ETN,34135.0,0.0,KOSPI
225060,TIGER 이머징마켓MSCI레버리지(합성 H),15980.0,5.93,KOSPI
289260,TIGER MSCI KOREA ESG리더스,28070.0,5.53,KOSPI
0216Z0,ACE K방산TOP5+,9090.0,1.85,KOSPI
291130,ACE MSCI멕시코(합성),18680.0,-0.21,KOSPI
570121,한투 금선물 ETN,8400.0,1.2,KOSPI
0051A0,KoAct 브로드컴밸류체인액티브,25785.0,4.99,KOSPI
0193K0,PLUS 삼성전자단일종목레버리지,11165.0,4.05,KOSPI
404120,TIME K신재생에너지액티브,23845.0,6.62,KOSPI
760017,키움 조선TOP10 ETN,23795.0,4.8,KOSPI
276000,TIGER 글로벌자원생산기업(합성 H),19590.0,0.88,KOSPI
488290,MIDAS 일본테크액티브,47485.0,6.11,KOSPI
292050,RISE KRX300,47450.0,3.92,KOSPI
453820,KODEX 인도Nifty50레버리지(합성),12770.0,-0.43,KOSPI
494420,PLUS 미국배당증가성장주데일리커버드콜,9740.0,0.78,KOSPI
432840,HANARO 미국S&P500,20625.0,1.4,KOSPI
530120,삼성 나스닥 100 TR ETN,16455.0,2.43,KOSPI
580050,KB 차이나 과창판 STAR 50 ETN,16335.0,5.22,KOSPI
760023,키움 레버리지 K방산 TOP5 ETN,16295.0,6.4,KOSPI
0207Z0,KIWOOM 미국우주데이터센터인프라,7395.0,2.99,KOSPI
0207G0,SOL 우주항공밸류체인,6500.0,1.09,KOSPI
550097,N2 레버리지 코스닥150 선물 ETN,16225.0,3.18,KOSPI
391670,HK 베스트일레븐액티브,26900.0,3.82,KOSPI
610025,메리츠 인버스 2X 미국채10년 ETN(H),16090.0,0.0,KOSPI
002025,코오롱우,13720.0,2.39,KOSPI
530132,삼성 블룸버그 WTI원유 선물 ETN B,15840.0,-6.88,KOSPI
265690,ACE 러시아MSCI(합성),8535.0,0.0,KOSPI
491510,파워 K-주주가치액티브,17540.0,2.81,KOSPI
0000H0,KODEX 인도Nifty미드캡100,10885.0,-0.14,KOSPI
131890,ACE 삼성그룹동일가중,39430.0,3.15,KOSPI
0090B0,PLUS K방산소부장,7090.0,6.7,KOSPI
610087,메리츠 WTI원유 선물 ETN(H),15585.0,-7.12,KOSPI
18064K,한진칼우,28900.0,0.52,KOSPI
005725,넥센우,4295.0,0.23,KOSPI
520088,미래에셋 S&P500 VIX S/T 선물 ETN(H),7690.0,0.92,KOSPI
500097,신한 레버리지 Russell 2000 ETN B,15375.0,3.64,KOSPI
700036,하나 인버스 2X 반도체 ETN,3045.0,-8.42,KOSPI
530095,삼성 구리 선물 ETN(H),15210.0,0.93,KOSPI
379790,RISE 유로스탁스50(H),17885.0,1.27,KOSPI
012170,아센디오,748.0,-11.16,KOSPI
114460,ACE 국고채3년,100980.0,0.24,KOSPI
337150,KODEX 200exTOP,25095.0,3.63,KOSPI
0153P0,ACE 리츠부동산인프라액티브,9400.0,-0.16,KOSPI
580052,KB 인버스 2X 밀 선물 ETN,30010.0,2.91,KOSPI
500024,신한 인버스 콩 선물 ETN(H),7475.0,0.95,KOSPI
570063,한투 베트남VN30선물 ETN(H),14910.0,0.0,KOSPI
0013P0,RISE 미국은행TOP10,13555.0,1.08,KOSPI
387280,TIGER 퓨처모빌리티액티브,11190.0,5.27,KOSPI
413930,WON AI ESG액티브,26885.0,4.37,KOSPI
610039,메리츠 인버스 미국채30년 ETN(H),14715.0,0.0,KOSPI
453010,PLUS KOFR금리,109625.0,0.0,KOSPI
0194R0,KIWOOM SK하이닉스선물단일종목레버리지,8635.0,10.35,KOSPI
760015,키움 레버리지 바이오TOP10 ETN,7310.0,1.6,KOSPI
570099,한투 인버스2X엔달러 선물 ETN(H),14590.0,0.07,KOSPI
104520,KIWOOM 블루칩,14590.0,1.6,KOSPI
484890,SOL 머니마켓액티브,52425.0,0.0,KOSPI
002070,비비안,6030.0,-10.53,KOSPI
102960,KODEX 기계장비,13665.0,6.43,KOSPI
610072,메리츠 KAP 레버리지 중국 위안화 ETN,28840.0,-0.14,KOSPI
580047,KB 레버리지 항셍테크 선물 ETN(H) B,14375.0,3.38,KOSPI
438900,HANARO Fn K-푸드,11025.0,0.32,KOSPI
580086,KB 솔랙티브 레버리지 천연가스 선물 ETN,14290.0,-6.42,KOSPI
396510,TIGER 차이나클린에너지SOLACTIVE,7760.0,0.13,KOSPI
570105,한투 인버스일본니케이225선물 ETN(H),4755.0,-4.04,KOSPI
520099,미래에셋 인버스 2X 반도체 ETN,4695.0,-8.75,KOSPI
000087,하이트진로2우B,12420.0,1.06,KOSPI
520076,미래에셋 1.5X 천연가스 선물 ETN,5600.0,-4.84,KOSPI
019685,대교우B,720.0,1.41,KOSPI
417450,RISE 글로벌수소경제,16445.0,2.56,KOSPI
0224X0,1Q 엔비디아알파벳미국채혼합50,10350.0,0.68,KOSPI
234310,RISE V&S셀렉트밸류,27810.0,3.34,KOSPI
0028X0,KODEX 미국금융테크액티브,12090.0,0.79,KOSPI
0127V0,KIWOOM 미국S&P500 TOP10&배당다우비중전환,11120.0,0.63,KOSPI
580088,KB 인버스 2X KOSPI 200 선물 ETN B,27780.0,-7.98,KOSPI
0127T0,KIWOOM 미국S&P500&배당다우존스비중전환,11505.0,1.59,KOSPI
435040,ACE 글로벌브랜드TOP10,19645.0,0.56,KOSPI
580080,KB 인버스 은 선물 ETN,13720.0,-3.48,KOSPI
0088N0,WON K-글로벌수급상위,10150.0,3.26,KOSPI
580083,KB 레버리지 미국 S&P500 선물 ETN B,27340.0,3.29,KOSPI
489860,KIWOOM 글로벌전력GRID인프라,16080.0,2.58,KOSPI
465670,TIGER 미국캐시카우100,17020.0,2.07,KOSPI
001795,대한제당우,2100.0,1.45,KOSPI
610080,메리츠 멕시코 페소화 ETN,13610.0,0.0,KOSPI
244620,KODEX 모멘텀Plus,19435.0,4.57,KOSPI
0004G0,1Q 미국배당TOP30,9705.0,0.52,KOSPI
610024,메리츠 인버스 미국채10년 ETN(H),13580.0,0.0,KOSPI
530092,삼성 인버스 코스피 200 선물 ETN,2715.0,-4.57,KOSPI
700030,하나 S&P 인버스 2X WTI원유 선물 ETN B,3390.0,13.38,KOSPI
610096,메리츠 인버스 2X 천연가스 선물 ETN(H),13510.0,4.89,KOSPI
404650,SOL KRX기후변화솔루션,22430.0,5.28,KOSPI
496130,TRUSTON 코리아밸류업액티브,24895.0,3.99,KOSPI
580054,KB 인버스 2X 콩 선물 ETN,26860.0,1.34,KOSPI
700032,하나 인버스 2X 천연가스 선물 ETN(H),13430.0,5.17,KOSPI
0015F0,KIWOOM 팔란티어미국30년국채혼합액티브(H),10320.0,3.56,KOSPI
580032,KB 레버리지 구리 선물 ETN(H),26675.0,0.85,KOSPI
0220A0,KIWOOM 현대차그룹TOP3채권혼합50,9525.0,1.6,KOSPI
530129,삼성 인버스 2X 미국다우존스 선물 ETN,13305.0,-4.18,KOSPI
530121,삼성 항셍테크 TR ETN(H) B,13300.0,1.03,KOSPI
472720,TRUSTON 주주가치액티브,25555.0,4.01,KOSPI
00806K,대덕1우,10890.0,2.45,KOSPI
300610,TIGER K게임,5490.0,-3.0,KOSPI
130680,TIGER 원유선물Enhanced(H),6120.0,-6.64,KOSPI
610062,메리츠 인버스 3X 국채30년 ETN,65265.0,-2.49,KOSPI
570123,한투 은선물 ETN,6515.0,1.96,KOSPI
266390,KODEX 경기소비재,14435.0,1.33,KOSPI
266410,KODEX 필수소비재,9275.0,0.32,KOSPI
360150,KODEX 코스닥150롱코스피200숏선물,3160.0,-2.17,KOSPI
005257,녹십자홀딩스2우,15290.0,-0.07,KOSPI
435550,KIWOOM TDF2050액티브 적격,18475.0,1.12,KOSPI
428560,KODEX 미국ETF산업Top10 Indxx,16160.0,-0.31,KOSPI
0008E0,ACE 미국중심중소형제조업,13595.0,2.22,KOSPI
550100,N2 인버스 2X 천연가스 선물 ETN,12895.0,4.37,KOSPI
520064,미래에셋 2X 미국채울트라30년 선물 ETN,6425.0,1.5,KOSPI
453660,KODEX 미국S&P500경기소비재,18225.0,-0.05,KOSPI
45226K,한화갤러리아우,4370.0,0.11,KOSPI
610071,메리츠 KAP 중국 위안화 ETN,12630.0,-0.43,KOSPI
269370,TIGER S&P글로벌인프라(합성),18020.0,1.38,KOSPI
520097,미래에셋 1.5X S&P500 VIX S/T선물 ETN,12505.0,1.13,KOSPI
463640,KODEX 미국S&P500유틸리티,14680.0,-0.24,KOSPI
269530,PLUS S&P글로벌인프라,20795.0,-1.26,KOSPI
290080,RISE 200고배당커버드콜ATM,7125.0,0.42,KOSPI
332610,PLUS 미국단기회사채(AAA~A),129635.0,-0.43,KOSPI
530127,삼성 미국다우존스 TR ETN,12440.0,0.0,KOSPI
363510,SOL KIS단기통안채,111965.0,0.01,KOSPI
280920,PLUS 주도업종,22580.0,7.63,KOSPI
494180,TIME 글로벌소비트렌드액티브,13790.0,-0.36,KOSPI
395760,PLUS ESG성장주액티브,20545.0,5.6,KOSPI
0084E0,KIWOOM 미국대형주500월간목표헤지액티브,10710.0,0.75,KOSPI
400570,KODEX 유럽탄소배출권선물ICE(H),11140.0,0.91,KOSPI
530139,삼성 iSelect 조선 TOP10 TR ETN,12240.0,5.38,KOSPI
453060,HANARO KOFR금리액티브(합성),111170.0,0.01,KOSPI
457700,KODEX 53-09 국고채액티브,9255.0,1.15,KOSPI
354240,RISE 미국고정배당우선증권,11090.0,0.27,KOSPI
145995,삼양사우,32950.0,0.61,KOSPI
279540,KODEX 최소변동성,20280.0,3.44,KOSPI
137610,TIGER 농산물선물Enhanced(H),5285.0,-0.94,KOSPI
0094L0,RISE 차이나테크TOP10위클리타겟커버드콜,8600.0,1.3,KOSPI
371870,ACE 차이나항셍테크,7515.0,0.8,KOSPI
0208N0,IBK 코스피액티브,7275.0,4.23,KOSPI
485810,TIME 글로벌바이오액티브,10905.0,0.65,KOSPI
448490,HANARO 32-10 국고채액티브,53500.0,0.89,KOSPI
700014,하나 인버스 2X 콩 선물 ETN(H),11935.0,2.8,KOSPI
464610,SOL 의료기기소부장Fn,7950.0,0.82,KOSPI
610020,메리츠 인버스 국채10년 ETN,11880.0,0.0,KOSPI
419420,KODEX 미국클린에너지나스닥,9900.0,2.75,KOSPI
251590,PLUS 고배당저변동50,16865.0,0.93,KOSPI
140580,RISE 우량업종대표주,23605.0,3.24,KOSPI
610030,메리츠 S&P 유럽탄소배출권 선물 ETN(H),11800.0,0.6,KOSPI
0067Y0,TIGER 차이나AI소프트웨어,11790.0,1.64,KOSPI
0093B0,RISE 엔비디아고정테크100,13095.0,2.11,KOSPI
610093,메리츠 인버스 3X 일본 국채 10년 ETN,23565.0,-1.09,KOSPI
570074,한투 유럽탄소배출권선물 ETN(H),11745.0,0.0,KOSPI
500063,신한 인버스 코스닥 150 선물 ETN,5840.0,-1.6,KOSPI
451600,PLUS 국고채30년액티브,85035.0,0.37,KOSPI
580051,KB 레버리지 밀 선물 ETN,7765.0,-4.31,KOSPI
410870,TIME K컬처액티브,9670.0,-0.46,KOSPI
520040,미래에셋 인버스 코스닥150 선물 ETN,5775.0,-2.45,KOSPI
610049,메리츠 국채5년 ETN,11535.0,0.22,KOSPI
610086,메리츠 인버스2X 미국채30년 스트립 ETN(H),57540.0,-3.98,KOSPI
487750,BNK 온디바이스AI,28630.0,5.98,KOSPI
610074,메리츠 미국채10년 ETN,11450.0,-0.09,KOSPI
610045,메리츠 국채3년 ETN,11435.0,0.26,KOSPI
530137,삼성 KRX 2차전지 TOP10 TR ETN,11375.0,1.56,KOSPI
430500,KIWOOM 물가채KIS,113615.0,0.77,KOSPI
451150,에셋플러스 글로벌영에이지액티브,18315.0,0.83,KOSPI
166400,TIGER 200커버드콜OTM,22505.0,3.9,KOSPI
610070,메리츠 KAP 인버스 2X 일본 엔화 ETN,22445.0,-0.07,KOSPI
0222D0,KoAct 고배당액티브,10180.0,1.14,KOSPI
409810,KODEX 미국나스닥100선물인버스(H),5460.0,-2.93,KOSPI
310080,RISE 중국MSCI China(H),9720.0,1.2,KOSPI
570096,한투 인버스2X일본엔선물 ETN,11160.0,0.0,KOSPI
407820,에셋플러스 코리아플랫폼액티브,6190.0,2.91,KOSPI
580043,KB 레버리지 KOSDAQ 150 선물 ETN,22240.0,2.58,KOSPI
373490,KODEX 코리아혁신성장액티브,24675.0,6.08,KOSPI
498050,HANARO 바이오코리아액티브,11050.0,0.32,KOSPI
610055,메리츠 3X 레버리지 국채3년 ETN,21975.0,0.0,KOSPI
520038,미래에셋 인버스 코스피200 선물 ETN,2745.0,-3.85,KOSPI
580059,KB 미국채 10년 ETN,10920.0,0.0,KOSPI
456250,KODEX 유럽명품TOP10 STOXX,9485.0,-0.05,KOSPI
0068M0,KODEX 미국S&P500버퍼6월액티브,12115.0,0.79,KOSPI
0002C0,에셋플러스 인도일등기업포커스20액티브,10050.0,0.35,KOSPI
252650,KODEX 200동일가중,18060.0,1.95,KOSPI
487910,ACE 인도컨슈머파워액티브,8995.0,0.0,KOSPI
610035,메리츠 레버리지 대표 농산물 선물 ETN(H),10720.0,-3.42,KOSPI
580064,KB 인버스 2X 미국채 10년 선물 ETN,21385.0,0.0,KOSPI
354350,HANARO 글로벌럭셔리S&P(합성),20560.0,-1.44,KOSPI
0120X0,유진 챔피언중단기크레딧 X클래스,10080.0,0.0,KOSPI
385710,TIME K이노베이션액티브,10685.0,1.28,KOSPI
38380K,LX홀딩스1우,7270.0,0.0,KOSPI
610060,메리츠 인버스 3X 국채10년 ETN,21300.0,-2.05,KOSPI
580087,KB 솔랙티브 인버스 천연가스 선물 ETN,10635.0,2.6,KOSPI
500086,신한 코스닥 150 TR ETN,10620.0,1.97,KOSPI
610077,메리츠 미국채30년 ETN,10615.0,0.76,KOSPI
610051,메리츠 인버스 국채5년 ETN,10560.0,0.0,KOSPI
610057,메리츠 3X 레버리지 국채5년 ETN,20945.0,0.0,KOSPI
610079,메리츠 인버스 3X 미국채30년 ETN,52310.0,-3.75,KOSPI
460270,KIWOOM 미국달러SOFR금리액티브(합성),12910.0,-0.65,KOSPI
0001P0,마이티 바이오시밀러&CDMO액티브,9325.0,2.3,KOSPI
580065,KB 코스닥 150 TR ETN,10435.0,1.8,KOSPI
181480,ACE 미국부동산리츠(합성 H),86910.0,1.22,KOSPI
580060,KB 레버리지 미국채 10년 ETN,20815.0,0.0,KOSPI
610058,메리츠 인버스 3X 국채5년 ETN,20810.0,0.0,KOSPI
570085,한투 인도네시아대표원자재 ETN,10395.0,3.43,KOSPI
610092,메리츠 인버스 일본 국채 10년 ETN,10340.0,-0.72,KOSPI
117690,TIGER 차이나항셍30,20680.0,-0.29,KOSPI
429010,TIGER 미국나스닥넥스트100,20675.0,1.82,KOSPI
446700,RISE 배터리 리사이클링,9540.0,2.14,KOSPI
084695,대상홀딩스우,11260.0,3.02,KOSPI
140710,KODEX 운송,6420.0,2.39,KOSPI
463690,KODEX 미국S&P500커뮤니케이션,18560.0,0.43,KOSPI
610082,메리츠 인도 루피화 ETN,10205.0,-0.1,KOSPI
237440,TIGER 경기방어채권혼합,10190.0,0.74,KOSPI
610106,메리츠 인버스 국채30년 ETN B,10130.0,0.0,KOSPI
610102,메리츠 솔랙티브 금 선물 ETN(H),10125.0,0.7,KOSPI
610068,메리츠 KAP 일본 엔화 ETN,10110.0,-0.39,KOSPI
0191S0,IBK 코스닥150,13660.0,1.6,KOSPI
610056,메리츠 인버스 3X 국채3년 ETN,20195.0,-0.39,KOSPI
044380,주연테크,780.0,-6.59,KOSPI
0189Z0,DAISHIN343 금융&지주고배당,10055.0,1.11,KOSPI
610076,메리츠 인버스 3X 미국채10년 ETN,50260.0,0.0,KOSPI
399580,RISE 글로벌클린에너지,10050.0,2.08,KOSPI
0174R0,KIWOOM 미국성장다우존스,11810.0,1.46,KOSPI
00781K,코리아써키트2우B,12740.0,12.25,KOSPI
140570,RISE 수출주,24950.0,4.94,KOSPI
004255,NPC우,1890.0,2.44,KOSPI
580061,KB 미국채 30년 ETN,9935.0,1.17,KOSPI
610098,메리츠 미국채30년 풋라이트 ETN(H),9930.0,0.0,KOSPI
0224D0,KIWOOM 미국CPU반도체TOP4+,9930.0,4.47,KOSPI
0120J0,BNK 카카오그룹포커스,7935.0,-1.86,KOSPI
0222F0,마이티 AI데이터센터밸류체인,12395.0,5.62,KOSPI
0113G0,KoAct 미국바이오헬스케어액티브,10945.0,2.15,KOSPI
530064,삼성 인버스 2X 구리 선물 ETN(H),655.0,-0.91,KOSPI
0226G0,WON 피지컬AI TOP2플러스액티브,12250.0,4.66,KOSPI
610105,메리츠 레버리지 국채30년 ETN B,9750.0,0.0,KOSPI
760027,키움 인버스 2X 전력 TOP5 ETN,4870.0,-19.1,KOSPI
700033,하나 K방산TOP10 ETN,9730.0,5.13,KOSPI
0203D0,PLUS 200위클리커버드콜채권혼합,8835.0,1.79,KOSPI
461580,TIGER 코스닥글로벌,14915.0,1.46,KOSPI
371150,RISE 차이나항셍테크,7455.0,0.68,KOSPI
580063,KB 레버리지 미국채 10년 선물 ETN,19365.0,0.0,KOSPI
395150,KODEX 웹툰&드라마,1889.0,-1.25,KOSPI
610083,메리츠 레버리지 인도 루피화 ETN,19240.0,0.65,KOSPI
375270,RISE 글로벌데이터센터리츠(합성),14800.0,1.93,KOSPI
281990,RISE 중소형고배당,17475.0,1.54,KOSPI
0133E0,TIGER 차이나증권,9150.0,2.52,KOSPI
004105,태양금속우,2895.0,1.58,KOSPI
570107,한투 인버스2X일본니케이225선물 ETN(H),3820.0,-8.94,KOSPI
520046,미래에셋 레버리지 옥수수 선물 ETN,9550.0,-4.5,KOSPI
0194N0,KIWOOM 삼성전자선물단일종목레버리지,10325.0,4.72,KOSPI
301400,PLUS 코스닥150,13610.0,1.45,KOSPI
0084D0,KIWOOM 미국테크100월간목표헤지액티브,11845.0,0.85,KOSPI
145210,다이나믹디자인,2240.0,0.0,KOSPI
0214M0,MIDAS 바이오헬스케어액티브,11130.0,0.91,KOSPI
252000,TIGER 200동일가중,18900.0,1.89,KOSPI
001755,한양증권우,19950.0,0.81,KOSPI
530141,삼성 중국 자동차 TOP5 TR ETN(H),9415.0,0.21,KOSPI
003075,코오롱글로벌우,12670.0,-0.16,KOSPI
449680,TIGER 한중전기차(합성),10985.0,2.52,KOSPI
610097,메리츠 미국채30년스트립 커버드콜 ETN(H),9245.0,1.48,KOSPI
001067,JW중외제약2우B,43700.0,0.0,KOSPI
105010,TIGER 라틴35,6535.0,-1.58,KOSPI
480460,WON 한국부동산TOP3플러스,9130.0,0.77,KOSPI
570114,한투 S&P500 VIX S/T선물 ETN(H) B,9115.0,0.11,KOSPI
341850,TIGER 리츠부동산인프라채권,4545.0,0.44,KOSPI
404540,TIGER KRX기후변화솔루션,22555.0,5.64,KOSPI
570094,한투 일본엔선물 ETN C,9005.0,-0.55,KOSPI
610059,메리츠 3X 레버리지 국채10년 ETN,17965.0,1.7,KOSPI
435540,KIWOOM TDF2040액티브 적격,17925.0,0.84,KOSPI
610090,메리츠 일본 국채 10년 ETN,8960.0,-0.17,KOSPI
610084,메리츠 미국채30년 스트립 ETN(H),8925.0,1.94,KOSPI
482030,KoAct 반도체&2차전지핵심소재액티브,8470.0,3.93,KOSPI
497510,ACE 글로벌빅파마,12680.0,-0.74,KOSPI
580035,KB S&P 유럽탄소배출권 선물 ETN(H),8855.0,0.0,KOSPI
550099,N2 레버리지 천연가스 선물 ETN,8805.0,-6.18,KOSPI
0219B0,KoAct 광통신&위성네트워크액티브,10975.0,7.02,KOSPI
230480,KIWOOM 미국달러선물인버스2X,4365.0,0.92,KOSPI
0219Z0,HANARO 미국S&P500액티브,10940.0,4.69,KOSPI
550095,N2 레버리지 국채10년 ETN,17475.0,0.0,KOSPI
429980,SOL 한국형글로벌전기차&2차전지액티브,17475.0,2.28,KOSPI
610034,메리츠 대표 농산물 선물 ETN(H),8735.0,-1.91,KOSPI
0184N0,PLUS 은채권혼합,8665.0,1.82,KOSPI
0215T0,HANARO 미국AI광통신TOP10,9540.0,5.82,KOSPI
215620,HK S&P코리아로우볼,15845.0,1.54,KOSPI
0216K0,KIWOOM 미국우주테크TOP2채권혼합50,8555.0,1.6,KOSPI
000225,유유제약1우,3765.0,-0.53,KOSPI
487920,ACE 인도시장대표BIG5그룹액티브,8530.0,0.0,KOSPI
270800,RISE KQ고배당,15480.0,2.86,KOSPI
580085,KB 솔랙티브 천연가스 선물 ETN,8500.0,-3.57,KOSPI
520085,미래에셋 -2X 미국 AI TOP3 ETN,8490.0,-2.41,KOSPI
261110,TIGER 미국달러선물레버리지,16955.0,-1.02,KOSPI
500101,신한 블룸버그 천연가스 선물 ETN,8470.0,-3.26,KOSPI
001770,SHD,6950.0,1.76,KOSPI
395280,HANARO Fn K-게임,3585.0,-1.92,KOSPI
580062,KB 레버리지 미국채 30년 ETN,16825.0,1.91,KOSPI
530135,삼성 인버스 China A50 선물 ETN(H) B,8395.0,0.0,KOSPI
500068,신한 인버스 2X 10년 국채선물 ETN,11950.0,-0.62,KOSPI
182490,TIGER 단기선진하이일드(합성 H),13905.0,0.43,KOSPI
462340,에셋플러스 글로벌다이나믹시니어액티브,16615.0,0.39,KOSPI
497520,ACE 일라이릴리밸류체인,12760.0,-0.82,KOSPI
530114,삼성 인버스 2X S&P500 선물 ETN,8290.0,-4.49,KOSPI
760025,키움 전력 TOP5 ETN,11740.0,9.72,KOSPI
33637L,솔루스첨단소재2우B,2165.0,11.31,KOSPI
490330,KoAct 미국치매&뇌질환치료제액티브,14820.0,1.16,KOSPI
381570,HANARO Fn친환경에너지,9590.0,4.41,KOSPI
225800,KIWOOM 미국달러선물레버리지,15975.0,-0.96,KOSPI
530090,삼성 인버스 은 선물 ETN(H),2715.0,-4.57,KOSPI
217780,TIGER 차이나CSI300인버스(합성),5235.0,-0.38,KOSPI
457930,BNK 미래전략기술액티브,26990.0,3.67,KOSPI
0094X0,1Q 샤오미밸류체인액티브,8995.0,3.39,KOSPI
402460,HANARO Fn K-메타버스MZ,14650.0,3.86,KOSPI
530142,삼성 중국 AI 테크 TOP5 TR ETN(H),8035.0,1.9,KOSPI
395750,PLUS ESG가치주액티브,19985.0,5.18,KOSPI
0082F0,HANARO 유럽방산,11415.0,1.69,KOSPI
570109,한투 레버리지미국채30년 ETN,15920.0,0.0,KOSPI
494210,SOL 미국500타겟데일리커버드콜액티브,11350.0,1.61,KOSPI
435530,KIWOOM TDF2030액티브 적격,15865.0,0.38,KOSPI
0166T0,PLUS 글로벌저작권핵심기업액티브,9900.0,0.25,KOSPI
570097,한투 엔달러선물 ETN(H),7910.0,0.13,KOSPI
700011,하나 레버리지 옥수수 선물 ETN(H),7880.0,-3.61,KOSPI
256450,PLUS 심천차이넥스트(합성),15745.0,1.55,KOSPI
610100,메리츠 레버리지 은 선물 ETN(H),7870.0,8.63,KOSPI
0218K0,BNK 스마트카,10480.0,5.75,KOSPI
700035,하나 인버스 2X K방산TOP10 ETN,7850.0,-7.7,KOSPI
610095,메리츠 레버리지 천연가스 선물 ETN(H),7850.0,-5.88,KOSPI
580079,KB 레버리지 은 선물 ETN,7845.0,8.06,KOSPI
700031,하나 레버리지 천연가스 선물 ETN(H),7835.0,-5.83,KOSPI
001515,SK증권우,4000.0,3.76,KOSPI
390400,KODEX 미국스마트모빌리티S&P,7820.0,2.69,KOSPI
189400,PLUS 글로벌MSCI(합성 H),26030.0,1.66,KOSPI
174350,TIGER 로우볼,20435.0,0.15,KOSPI
0138D0,RISE 동학개미,11830.0,7.11,KOSPI
225050,TIGER 유로스탁스레버리지(합성 H),17055.0,2.68,KOSPI
610094,메리츠 천연가스 선물 ETN(H),7660.0,-2.92,KOSPI
0005C0,RISE 미국S&P500엔화노출(합성 H),11780.0,1.46,KOSPI
520084,미래에셋 -2X 미국 자율주행대표기업 ETN,7655.0,-2.79,KOSPI
0047N0,PLUS 차이나AI테크TOP10,10895.0,0.32,KOSPI
580053,KB 레버리지 콩 선물 ETN,15250.0,-2.59,KOSPI
610091,메리츠 3X 레버리지 일본 국채 10년 ETN,15165.0,0.0,KOSPI
530056,삼성 인버스 2X 금 선물 ETN(H),1895.0,-5.25,KOSPI
012205,계양전기우,6470.0,6.41,KOSPI
0172Y0,ACE K수출핵심TOP10산업액티브,9445.0,4.54,KOSPI
500036,신한 인버스 2X 미국달러 선물 ETN,3770.0,0.94,KOSPI
466810,BNK 2차전지양극재,5150.0,1.58,KOSPI
610073,메리츠 KAP 인버스 2X 중국 위안화 ETN,14900.0,0.88,KOSPI
437370,RISE 글로벌농업경제,10640.0,-0.14,KOSPI
001065,JW중외제약우,21700.0,0.0,KOSPI
570111,한투 3X레버리지미국채30년 ETN,37070.0,0.0,KOSPI
488480,RISE 일본섹터TOP4Plus,13435.0,1.02,KOSPI
285690,FOCUS ESG리더스,21090.0,4.15,KOSPI
272570,RISE 중장기국공채액티브,108445.0,0.35,KOSPI
438740,MIDAS 중소형액티브,32740.0,2.88,KOSPI
227570,TIGER 우량가치,20450.0,1.34,KOSPI
510043,대신 인버스 천연가스 선물 ETN(H) B,7360.0,2.94,KOSPI
304670,KODEX 미국30년국채울트라선물인버스(H),12215.0,-1.09,KOSPI
450180,KODEX 한중전기차(합성),11255.0,1.86,KOSPI
550098,N2 인버스 2X 코스닥150 선물 ETN,7285.0,-3.25,KOSPI
760006,키움 KPOP ETN,7275.0,-1.62,KOSPI
570095,한투 레버리지일본엔선물 ETN C,7180.0,-0.76,KOSPI
253280,RISE 헬스케어,12960.0,1.25,KOSPI
400590,SOL 글로벌탄소배출권선물ICE(합성),14250.0,0.39,KOSPI
139660,KIWOOM 미국달러선물인버스,8130.0,0.62,KOSPI
570101,한투 인버스나스닥100 ETN B,7050.0,-3.29,KOSPI
326230,RISE 내수주플러스,11010.0,0.55,KOSPI
368680,KODEX K-뉴딜디지털플러스,7770.0,2.3,KOSPI
0036Z0,RISE 미국천연가스밸류체인,12595.0,-1.14,KOSPI
500067,신한 레버리지 10년 국채선물 ETN,9760.0,0.67,KOSPI
139290,TIGER 200 경기소비재,26240.0,2.08,KOSPI
316300,ACE 싱가포르리츠,13625.0,-0.18,KOSPI
0184V0,UNICORN K바이오액티브,6170.0,0.16,KOSPI
244670,KODEX 밸류Plus,11290.0,0.62,KOSPI
456200,PLUS 미국달러SOFR금리액티브(합성),61420.0,-0.51,KOSPI
307510,TIGER 의료기기,13420.0,0.75,KOSPI
610099,메리츠 은 선물 ETN(H),6670.0,3.81,KOSPI
429740,PLUS K리츠,6035.0,0.75,KOSPI
0087F0,ACE 차이나AI빅테크TOP2+액티브,13170.0,1.19,KOSPI
315270,TIGER 200커뮤니케이션서비스,20555.0,0.22,KOSPI
580078,KB 은 선물 ETN,6565.0,1.16,KOSPI
139240,TIGER 200 철강소재,10505.0,6.0,KOSPI
0102X0,ACE 유럽방산TOP10,9995.0,1.99,KOSPI
219900,ACE 중국본토CSI300레버리지(합성),4530.0,0.11,KOSPI
580084,KB 인버스 2X 미국 S&P500 선물 ETN B,12575.0,-4.26,KOSPI
570092,한투 인버스2X유로스탁스50 ETN(H) B,6282.0,-1.46,KOSPI
451670,RISE 국채30년레버리지(합성),12530.0,1.95,KOSPI
530096,삼성 인버스 구리 선물 ETN(H),6250.0,-0.79,KOSPI
500098,신한 인버스 2X Russell 2000 ETN B,6195.0,-4.18,KOSPI
004985,성신양회우,8370.0,2.7,KOSPI
291890,KODEX MSCI EM선물(H),12235.0,3.55,KOSPI
530062,삼성 인버스 2X 은 선물 ETN(H),47.0,-6.0,KOSPI
510027,대신 인버스 2X 코스닥 150 선물 ETN,2035.0,-3.78,KOSPI
570091,한투 인버스유로스탁스50 ETN(H) C,6080.0,-0.65,KOSPI
580044,KB 인버스 2X KOSDAQ 150 선물 ETN,2020.0,-4.27,KOSPI
570098,한투 레버리지엔달러선물 ETN(H),6055.0,-0.25,KOSPI
610023,메리츠 레버리지 미국채10년 ETN(H),6050.0,1.42,KOSPI
570064,한투 인버스베트남VN30선물 ETN(H),6040.0,-0.25,KOSPI
0114X0,RISE 글로벌게임테크TOP3Plus,8585.0,-0.75,KOSPI
0176P0,FOCUS AI반도체위클리고정커버드콜,11880.0,4.16,KOSPI
289670,PLUS 국채선물10년,52655.0,0.96,KOSPI
570073,한투 인버스2X구리선물 ETN,5875.0,0.0,KOSPI
0053M0,더제이 중소형포커스액티브,13050.0,3.04,KOSPI
314700,HANARO 농업융복합산업,10670.0,1.43,KOSPI
26490K,크라운제과우,7580.0,0.0,KOSPI
760028,키움 인버스 2X 반도체TOP10 ETN,3900.0,-9.51,KOSPI
138920,KODEX 콩선물(H),11670.0,-1.19,KOSPI
469530,RISE 미국달러선물인버스,9090.0,0.17,KOSPI
530060,삼성 코스피 양매도 5% OTM ETN,5805.0,0.09,KOSPI
401590,HANARO 글로벌탄소배출권선물ICE(합성),11380.0,0.35,KOSPI
483020,KIWOOM 의료AI,9665.0,1.2,KOSPI
413220,SOL 차이나태양광CSI(합성),4825.0,0.73,KOSPI
530094,삼성 인버스 코스닥 150 선물 ETN,5780.0,-2.12,KOSPI
433250,UNICORN R&D 액티브,22895.0,3.81,KOSPI
400580,SOL 유럽탄소배출권선물S&P(H),11410.0,0.35,KOSPI
499150,SOL 미국S&P500엔화노출(H),11410.0,1.74,KOSPI
250780,TIGER 코스닥150선물인버스,2575.0,-1.53,KOSPI
407300,HANARO Fn골프테마,10275.0,0.0,KOSPI
550096,N2 레버리지 국채30년 ETN,11240.0,0.0,KOSPI
0191B0,MIDAS 코스닥액티브,28020.0,2.62,KOSPI
004835,덕성우,4010.0,3.75,KOSPI
530122,삼성 인버스 2X 항셍테크 TR ETN(H) B,5565.0,-2.88,KOSPI
570108,한투 레버리지국채30년 ETN,11105.0,0.0,KOSPI
267450,RISE 미국장기국채선물인버스(H),11095.0,-1.03,KOSPI
432600,RISE 국채선물3년,55430.0,0.16,KOSPI
002995,금호건설우,18900.0,-0.26,KOSPI
760010,키움 2차전지산업 ETN,7855.0,0.71,KOSPI
474390,SOL 국고채30년액티브,41035.0,1.05,KOSPI
500061,신한 인버스 코스피 200 선물 ETN,2745.0,-4.02,KOSPI
220130,SOL 차이나강소기업CSI500(합성 H),6815.0,2.33,KOSPI
470310,UNICORN 생성형AI강소기업액티브,18075.0,0.78,KOSPI
476310,RISE 글로벌비만산업TOP2+,9850.0,-1.99,KOSPI
000325,노루홀딩스우,22150.0,3.02,KOSPI
261920,ACE MSCI필리핀(합성),13470.0,0.64,KOSPI
0128D0,PLUS 차이나항셍테크위클리타겟커버드콜,7625.0,1.6,KOSPI
321410,KODEX 멀티에셋하이인컴(H),10655.0,0.57,KOSPI
411860,KIWOOM 독일DAX,17750.0,0.48,KOSPI
570066,한투 인버스2X베트남VN30 선물 ETN(H),5315.0,-2.39,KOSPI
0015E0,KIWOOM 엔비디아미국30년국채혼합액티브(H),10600.0,1.48,KOSPI
0073X0,FOCUS 알리바바미국채커버드콜혼합,9620.0,0.89,KOSPI
483030,KIWOOM 미국블록버스터바이오테크의약품+,11630.0,0.13,KOSPI
391600,ACE 미국친환경그린테마,11570.0,1.14,KOSPI
0174J0,DAISHIN343 오피스리츠플러스,8665.0,0.7,KOSPI
295000,RISE 국채선물10년,51975.0,0.83,KOSPI
0131A0,SOL 차이나소비트렌드,7980.0,-0.06,KOSPI
498610,RISE 인도디지털성장,8630.0,0.12,KOSPI
488200,KIWOOM K-2차전지북미공급망,11485.0,5.46,KOSPI
760014,키움 바이오TOP10 ETN,7310.0,0.83,KOSPI
0078V0,PLUS 미국로보택시,10130.0,-0.1,KOSPI
0132D0,KoAct 글로벌K컬처밸류체인액티브,9200.0,1.21,KOSPI
0154H0,KoAct 차이나바이오헬스케어액티브,8395.0,0.84,KOSPI
090355,노루페인트우,10780.0,-0.55,KOSPI
0015K0,TIGER 미국소비트렌드액티브,7290.0,0.0,KOSPI
267440,RISE 미국장기국채선물(H),8005.0,-0.68,KOSPI
291630,KIWOOM 코스닥150선물레버리지,3310.0,3.6,KOSPI
610029,메리츠 인버스 2X 구리 선물 ETN(H),4755.0,-0.31,KOSPI
550070,N2 인버스 레버리지 구리 선물 ETN(H),4720.0,-2.07,KOSPI
0050E0,PLUS 미국AI에이전트,8410.0,2.75,KOSPI
244660,KODEX 퀄리티Plus,9220.0,0.05,KOSPI
266550,PLUS 중형주저변동50,18175.0,0.94,KOSPI
252420,RISE 200선물인버스2X,91.0,-9.0,KOSPI
373790,KIWOOM 미국방어배당성장나스닥,16115.0,-0.25,KOSPI
205720,ACE 일본TOPIX인버스(합성 H),1473.0,-2.19,KOSPI
000145,하이트진로홀딩스우,9280.0,-0.75,KOSPI
530125,삼성 인버스 2X 일본니케이225선물 ETN(H),4295.0,-6.83,KOSPI
009415,태영건설우,6460.0,1.89,KOSPI
334690,RISE 팔라듐선물(H),6270.0,7.55,KOSPI
226380,ACE Fn성장소비주도주,5775.0,-0.35,KOSPI
277650,TIGER 코스피중형주,20180.0,2.64,KOSPI
488210,KIWOOM K-반도체북미공급망,20125.0,4.14,KOSPI
238670,PLUS 스마트베타Quality채권혼합,13390.0,0.94,KOSPI
243890,TIGER 200에너지화학레버리지,7525.0,6.89,KOSPI
000545,흥국화재우,5040.0,-1.37,KOSPI
500041,신한 인버스 2X 구리 선물 ETN,763.0,-1.93,KOSPI
291680,RISE 차이나H선물인버스(H),7600.0,0.53,KOSPI
227550,TIGER 200 산업재,11855.0,2.15,KOSPI
225030,TIGER 미국S&P500선물인버스(H),2230.0,-1.55,KOSPI
0079X0,ACE BYD밸류체인액티브,10800.0,0.79,KOSPI
005965,동부건설우,16500.0,0.0,KOSPI
760024,키움 인버스 2X K방산 TOP5 ETN,7260.0,-6.74,KOSPI
014825,동원시스템즈우,13490.0,0.97,KOSPI
267490,RISE 미국장기국채선물레버리지(합성 H),5070.0,1.81,KOSPI
570110,한투 3X레버리지국채30년 ETN,17290.0,1.08,KOSPI
427120,RISE AI플랫폼,5150.0,0.0,KOSPI
007575,일양약품우,7480.0,1.08,KOSPI
570023,한투 인버스2XS&P500선물 ETN(H),658.0,-3.94,KOSPI
454180,KIWOOM 차이나내수소비TOP CSI,8080.0,0.25,KOSPI
005745,크라운해태홀딩스우,5330.0,1.72,KOSPI
476000,UNICORN 포스트IPO액티브,5810.0,5.54,KOSPI
489010,PLUS 글로벌AI인프라,21230.0,3.41,KOSPI
145670,ACE 인버스,1362.0,-3.54,KOSPI
014285,금강공업우,5290.0,-0.19,KOSPI
306530,HANARO 코스닥150선물레버리지,6600.0,3.21,KOSPI
227560,TIGER 200 생활소비재,12600.0,0.6,KOSPI
36328K,티와이홀딩스우,2495.0,0.81,KOSPI
280940,KODEX 골드선물인버스(H),3575.0,-4.03,KOSPI
252410,RISE 200선물인버스,1388.0,-4.34,KOSPI
014915,성문전자우,4350.0,0.12,KOSPI
291620,KIWOOM 코스닥150선물인버스,4565.0,-1.19,KOSPI
491630,RISE 미국반도체인버스(합성 H),5225.0,-6.19,KOSPI
253230,KIWOOM 200선물인버스2X,87.0,-8.42,KOSPI
000227,유유제약2우B,7390.0,2.21,KOSPI
580033,KB 인버스 2X 구리 선물 ETN(H),4715.0,-1.87,KOSPI
500051,신한 인버스 2X S&P500 선물 ETN,1176.0,-4.0,KOSPI
275750,RISE 코스닥150선물인버스,2590.0,-2.08,KOSPI
001525,동양우,8800.0,0.0,KOSPI
500030,신한 인버스 2X 은 선물 ETN(H),66.0,-9.59,KOSPI
008355,남선알미우,7040.0,-0.56,KOSPI
334700,RISE 팔라듐선물인버스(H),3140.0,-9.38,KOSPI
700018,하나 인버스 2X 코스닥150 선물 ETN,2030.0,-4.47,KOSPI
570070,한투 인버스2X플래티넘선물 ETN,1812.0,-17.45,KOSPI
253240,KIWOOM 200선물인버스,1383.0,-4.75,KOSPI
004545,깨끗한나라우,4480.0,0.0,KOSPI
465620,ACE 미국빅테크TOP7 Plus인버스(합성),6255.0,-1.26,KOSPI
306520,HANARO 200선물인버스,2525.0,-4.17,KOSPI
011155,CJ씨푸드1우,7370.0,-1.47,KOSPI
001527,동양2우B,6840.0,-2.29,KOSPI
500038,신한 인버스 2X 금 선물 ETN,1263.0,-5.75,KOSPI
253160,PLUS 200선물인버스2X,177.0,-8.29,KOSPI
002785,진흥기업우B,1339.0,-0.07,KOSPI
412560,TIGER BBIG레버리지,1745.0,1.1,KOSPI
004415,서울식품우,4895.0,1.03,KOSPI
002787,진흥기업2우B,3025.0,-0.49,KOSPI
397420,RISE 국채선물5년추종,50625.0,0.0,KOSPI
196170,알테오젠,277000.0,3.75,KOSDAQ
086520,에코프로,82300.0,0.37,KOSDAQ
247540,에코프로비엠,101700.0,-0.78,KOSDAQ
277810,레인보우로보틱스,484000.0,3.64,KOSDAQ
036930,주성엔지니어링,142900.0,5.07,KOSDAQ
058470,리노공업,66900.0,3.88,KOSDAQ
240810,원익IPS,97700.0,1.24,KOSDAQ
028300,HLB,34900.0,1.6,KOSDAQ
298380,에이비엘바이오,80200.0,-0.25,KOSDAQ
141080,리가켐바이오,109500.0,-0.36,KOSDAQ
039030,이오테크닉스,327000.0,5.83,KOSDAQ
087010,펩트론,171500.0,-1.32,KOSDAQ
214450,파마리서치,378000.0,-1.69,KOSDAQ
000250,삼천당제약,166600.0,-0.42,KOSDAQ
222800,심텍,103000.0,6.08,KOSDAQ
319660,피에스케이,127700.0,1.35,KOSDAQ
108490,로보티즈,242000.0,4.09,KOSDAQ
214370,케어젠,63600.0,-1.09,KOSDAQ
440110,파두,66500.0,7.43,KOSDAQ
145020,휴젤,260000.0,0.78,KOSDAQ
403870,HPSP,36600.0,3.39,KOSDAQ
095340,ISC,140200.0,6.62,KOSDAQ
214150,클래시스,44900.0,-1.1,KOSDAQ
084370,유진테크,123300.0,4.14,KOSDAQ
319400,현대무벡스,24450.0,3.16,KOSDAQ
310210,보로노이,147500.0,7.27,KOSDAQ
095610,테스,136000.0,2.72,KOSDAQ
080220,제주반도체,75500.0,7.86,KOSDAQ
226950,올릭스,121500.0,1.42,KOSDAQ
347850,디앤디파마텍,53100.0,-18.06,KOSDAQ
257720,실리콘투,37100.0,-0.67,KOSDAQ
058610,에스피지,108900.0,0.09,KOSDAQ
178320,서진시스템,37500.0,1.9,KOSDAQ
031980,피에스케이홀딩스,104600.0,1.55,KOSDAQ
357780,솔브레인,285500.0,5.55,KOSDAQ
131290,티에스이,200500.0,1.83,KOSDAQ
263750,펄어비스,34650.0,-2.67,KOSDAQ
005290,동진쎄미켐,41800.0,3.08,KOSDAQ
067310,하나마이크론,31900.0,2.9,KOSDAQ
098460,고영,31000.0,3.68,KOSDAQ
237690,에스티팜,100800.0,0.1,KOSDAQ
064760,티씨케이,183500.0,3.67,KOSDAQ
032820,우리기술,11730.0,8.21,KOSDAQ
010170,대한광통신,12070.0,18.57,KOSDAQ
068760,셀트리온제약,42000.0,0.72,KOSDAQ
089970,브이엠,68200.0,1.94,KOSDAQ
089030,테크윙,47900.0,-0.42,KOSDAQ
140860,파크시스템스,253000.0,0.4,KOSDAQ
140410,메지온,56900.0,4.6,KOSDAQ
041510,에스엠,73700.0,-3.91,KOSDAQ
060370,LS마린솔루션,31400.0,6.62,KOSDAQ
035900,JYP Ent.,46100.0,-0.32,KOSDAQ
030530,원익홀딩스,20900.0,2.45,KOSDAQ
950160,코오롱티슈진,18660.0,17.21,KOSDAQ
0009K0,에임드바이오,24300.0,0.41,KOSDAQ
083650,비에이치아이,50500.0,1.3,KOSDAQ
290650,엘앤씨바이오,57800.0,-1.53,KOSDAQ
420770,기가비스,116400.0,1.39,KOSDAQ
096530,씨젠,28050.0,0.36,KOSDAQ
082920,비츠로셀,32050.0,3.39,KOSDAQ
007390,네이처셀,22150.0,0.91,KOSDAQ
218410,RFHIC,52300.0,7.28,KOSDAQ
323280,태성,44800.0,11.86,KOSDAQ
043260,성호전자,19000.0,13.03,KOSDAQ
078600,대주전자재료,85400.0,0.23,KOSDAQ
131970,두산테스나,69100.0,2.22,KOSDAQ
039200,오스코텍,33600.0,-2.89,KOSDAQ
475830,오름테라퓨틱,59000.0,1.9,KOSDAQ
127120,제이에스링크,35350.0,7.45,KOSDAQ
437730,삼현,38650.0,2.38,KOSDAQ
003380,하림지주,10870.0,2.07,KOSDAQ
491000,리브스메드,47350.0,5.34,KOSDAQ
195940,HK이노엔,40500.0,4.11,KOSDAQ
183300,코미코,54400.0,0.0,KOSDAQ
166090,하나머티리얼즈,55900.0,1.82,KOSDAQ
458870,씨어스,28350.0,-0.87,KOSDAQ
031330,에스에이엠티,10070.0,12.77,KOSDAQ
347700,스피어,19250.0,-2.23,KOSDAQ
101490,에스앤에스텍,44150.0,5.37,KOSDAQ
241710,코스메카코리아,86600.0,0.7,KOSDAQ
090710,휴림로봇,7640.0,8.06,KOSDAQ
476830,알지노믹스,32000.0,1.59,KOSDAQ
204270,제이앤티씨,15190.0,0.86,KOSDAQ
083450,GST,47600.0,4.39,KOSDAQ
065350,신성델타테크,31850.0,-1.24,KOSDAQ
388720,유일로보틱스,73300.0,4.12,KOSDAQ
036540,SFA반도체,5240.0,4.17,KOSDAQ
038500,삼표시멘트,7870.0,4.93,KOSDAQ
085660,차바이오텍,9110.0,-4.11,KOSDAQ
293490,카카오게임즈,7770.0,-6.83,KOSDAQ
086450,동국제약,18320.0,0.49,KOSDAQ
119850,지엔씨에너지,50000.0,-2.34,KOSDAQ
417200,LS머트리얼즈,12000.0,4.44,KOSDAQ
115180,큐리언트,21600.0,-1.37,KOSDAQ
099320,쎄트렉아이,73800.0,0.68,KOSDAQ
281740,레이크머티리얼즈,12250.0,3.38,KOSDAQ
328130,루닛,10760.0,0.09,KOSDAQ
252990,샘씨엔에스,13300.0,4.72,KOSDAQ
213420,덕산네오룩스,31700.0,1.12,KOSDAQ
232140,와이씨,9590.0,4.81,KOSDAQ
056190,SFA,21750.0,2.35,KOSDAQ
100790,미래에셋벤처투자,14650.0,1.1,KOSDAQ
041830,인바디,56700.0,-1.22,KOSDAQ
388210,씨엠티엑스,79000.0,4.91,KOSDAQ
033100,제룡전기,47400.0,6.04,KOSDAQ
189300,인텔리안테크,70200.0,0.29,KOSDAQ
122870,와이지엔터테인먼트,40100.0,-1.6,KOSDAQ
090360,로보스타,76800.0,10.03,KOSDAQ
032190,다우데이타,19250.0,0.05,KOSDAQ
137400,피엔티,31050.0,-0.64,KOSDAQ
074600,원익QnC,27900.0,4.49,KOSDAQ
014620,성광벤드,27450.0,3.2,KOSDAQ
445680,큐리옥스바이오시스템즈,42050.0,0.24,KOSDAQ
466100,클로봇,28400.0,5.58,KOSDAQ
032500,케이엠더블유,17090.0,5.17,KOSDAQ
036830,솔브레인홀딩스,34400.0,2.53,KOSDAQ
035760,CJ ENM,32150.0,-5.16,KOSDAQ
019210,와이지-원,18890.0,5.59,KOSDAQ
093320,케이아이엔엑스,140500.0,4.93,KOSDAQ
171090,선익시스템,66100.0,2.64,KOSDAQ
094170,동운아나텍,32000.0,15.52,KOSDAQ
253450,스튜디오드래곤,22200.0,-2.84,KOSDAQ
006730,서부T&D,10370.0,2.37,KOSDAQ
102710,이엔에프테크놀로지,46150.0,8.33,KOSDAQ
048410,현대바이오,6810.0,4.77,KOSDAQ
053800,안랩,56500.0,0.36,KOSDAQ
161580,필옵틱스,26750.0,1.33,KOSDAQ
079940,가비아,46500.0,-0.43,KOSDAQ
397030,에이프릴바이오,26550.0,4.53,KOSDAQ
439960,코스모로보틱스,19000.0,5.67,KOSDAQ
456160,지투지바이오,36850.0,0.55,KOSDAQ
050890,쏠리드,10070.0,4.57,KOSDAQ
023160,태광,23600.0,4.42,KOSDAQ
052400,코나아이,41750.0,1.71,KOSDAQ
490470,세미파이브,17490.0,1.51,KOSDAQ
225570,넥슨게임즈,9000.0,-5.16,KOSDAQ
476060,온코닉테라퓨틱스,13030.0,3.0,KOSDAQ
037460,삼지전자,35800.0,3.92,KOSDAQ
053610,프로텍,64800.0,9.64,KOSDAQ
222080,SFA넥셀,7480.0,3.17,KOSDAQ
251970,펌텍코리아,46750.0,-3.41,KOSDAQ
044490,태웅,28800.0,4.35,KOSDAQ
376900,로킷헬스케어,36050.0,0.14,KOSDAQ
052020,에스티큐브,8400.0,-0.94,KOSDAQ
399720,가온칩스,48100.0,0.84,KOSDAQ
041960,코미팜,7640.0,3.24,KOSDAQ
086900,메디톡스,76800.0,-0.13,KOSDAQ
046890,서울반도체,9360.0,6.73,KOSDAQ
059090,미코,16320.0,2.64,KOSDAQ
056080,유진로봇,14260.0,15.19,KOSDAQ
160190,하이젠알앤엠,17650.0,13.0,KOSDAQ
124500,아이티센글로벌,23450.0,0.64,KOSDAQ
121600,나노신소재,44100.0,0.23,KOSDAQ
112040,위메이드,15810.0,-3.48,KOSDAQ
099190,아이센스,18600.0,2.76,KOSDAQ
340570,티앤엘,65600.0,3.31,KOSDAQ
060250,NHN KCP,13270.0,-0.08,KOSDAQ
477850,마키나락스,29800.0,29.85,KOSDAQ
358570,지아이이노베이션,8190.0,-4.21,KOSDAQ
045100,한양이엔지,30000.0,1.69,KOSDAQ
174900,앱클론,26200.0,-1.13,KOSDAQ
295310,에이치브이엠,43300.0,-4.84,KOSDAQ
460930,현대힘스,14620.0,6.4,KOSDAQ
033500,동성화인텍,17070.0,1.73,KOSDAQ
082270,젬백스,11530.0,-5.26,KOSDAQ
211050,인카금융서비스,10360.0,0.1,KOSDAQ
126340,비나텍,71000.0,11.64,KOSDAQ
383310,에코프로에이치엔,23750.0,-0.63,KOSDAQ
067160,SOOP,42700.0,-0.7,KOSDAQ
214430,아이쓰리시스템,66500.0,-0.75,KOSDAQ
122640,예스티,22450.0,5.9,KOSDAQ
475960,토모큐브,35950.0,-1.37,KOSDAQ
015750,성우하이텍,6000.0,2.21,KOSDAQ
101160,월덱스,28950.0,0.17,KOSDAQ
376300,디어유,20000.0,-8.47,KOSDAQ
009520,포스코엠텍,11330.0,4.04,KOSDAQ
336570,원텍,5230.0,0.38,KOSDAQ
348370,엔켐,21150.0,2.92,KOSDAQ
033790,피노,5540.0,1.09,KOSDAQ
219130,타이거일렉,73100.0,14.04,KOSDAQ
034950,한국기업평가,101600.0,0.0,KOSDAQ
018290,브이티,13140.0,2.18,KOSDAQ
144960,뉴파워프라즈마,10490.0,2.84,KOSDAQ
036810,에프에스티,21100.0,6.03,KOSDAQ
030520,한컴,18610.0,0.22,KOSDAQ
486990,노타,21000.0,3.19,KOSDAQ
077360,덕산하이메탈,9780.0,3.93,KOSDAQ
332570,PS일렉트로닉스,9400.0,14.08,KOSDAQ
368770,파이버프로,13200.0,5.6,KOSDAQ
042000,카페24,17870.0,-2.99,KOSDAQ
215200,메가스터디교육,41450.0,-0.48,KOSDAQ
389470,인벤티지랩,32100.0,2.56,KOSDAQ
035890,서희건설,2020.0,3.32,KOSDAQ
278280,천보,34000.0,1.34,KOSDAQ
272290,이녹스첨단소재,20800.0,-0.48,KOSDAQ
078130,국일제지,3670.0,-0.14,KOSDAQ
372320,큐로셀,27150.0,-0.18,KOSDAQ
033160,엠케이전자,17040.0,11.01,KOSDAQ
104830,원익머트리얼즈,32350.0,3.19,KOSDAQ
365340,성일하이텍,31550.0,3.78,KOSDAQ
253590,네오셈,9290.0,4.62,KOSDAQ
170920,엘티씨,38550.0,6.49,KOSDAQ
095660,네오위즈,18780.0,-2.49,KOSDAQ
200710,에이디테크놀로지,29800.0,2.94,KOSDAQ
425420,티에프이,32400.0,4.35,KOSDAQ
236200,슈프리마,57300.0,8.73,KOSDAQ
027360,아주IB투자,3270.0,0.77,KOSDAQ
448900,한국피아이엠,65200.0,2.68,KOSDAQ
041190,우리기술투자,4635.0,2.09,KOSDAQ
199800,툴젠,43250.0,-0.35,KOSDAQ
013030,하이록코리아,33050.0,2.48,KOSDAQ
033640,네패스,16700.0,6.44,KOSDAQ
064290,인텍플러스,29600.0,9.02,KOSDAQ
078160,메디포스트,9710.0,-1.52,KOSDAQ
241770,메카로,37150.0,5.99,KOSDAQ
036620,감성코퍼레이션,4185.0,-3.46,KOSDAQ
025980,아난티,3860.0,1.31,KOSDAQ
078340,컴투스,30950.0,-2.67,KOSDAQ
060280,큐렉소,9060.0,1.23,KOSDAQ
064260,다날,4875.0,1.46,KOSDAQ
003800,에이스침대,33200.0,1.22,KOSDAQ
290550,디케이티,18390.0,1.21,KOSDAQ
069080,웹젠,11830.0,-3.19,KOSDAQ
089890,코세스,22000.0,3.53,KOSDAQ
089010,켐트로닉스,21750.0,2.11,KOSDAQ
025320,시노펙스,3910.0,0.51,KOSDAQ
078020,LS증권,6450.0,3.37,KOSDAQ
204620,글로벌텍스프리,5070.0,0.0,KOSDAQ
441270,파인엠텍,8470.0,6.14,KOSDAQ
455900,엔젤로보틱스,23000.0,2.22,KOSDAQ
160980,싸이맥스,32000.0,8.66,KOSDAQ
039440,에스티아이,22500.0,2.74,KOSDAQ
024850,HLB이노베이션,10900.0,11.57,KOSDAQ
101930,인화정공,7440.0,9.57,KOSDAQ
348210,넥스틴,32400.0,0.31,KOSDAQ
006910,보성파워텍,6850.0,7.03,KOSDAQ
389650,넥스트바이오메디컬,40500.0,0.25,KOSDAQ
356860,티엘비,28050.0,6.86,KOSDAQ
330860,네패스아크,27300.0,10.08,KOSDAQ
117730,티로보틱스,14600.0,8.47,KOSDAQ
228760,지노믹트리,13190.0,3.21,KOSDAQ
243070,휴온스,27350.0,2.24,KOSDAQ
069540,빛과전자,2890.0,29.89,KOSDAQ
356680,엑스게이트,11370.0,7.87,KOSDAQ
092730,네오팜,20150.0,0.75,KOSDAQ
125490,한라캐스트,8830.0,4.13,KOSDAQ
376270,HEM파마,44500.0,1.48,KOSDAQ
084110,휴온스글로벌,25300.0,2.02,KOSDAQ
036890,진성티이씨,14520.0,8.2,KOSDAQ
200670,휴메딕스,28350.0,11.61,KOSDAQ
078350,한양디지텍,20600.0,8.88,KOSDAQ
215600,신라젠,2260.0,1.35,KOSDAQ
049070,인탑스,19000.0,6.03,KOSDAQ
472850,폰드그룹,5430.0,8.38,KOSDAQ
900290,GRT,3810.0,2.01,KOSDAQ
138080,오이솔루션,25150.0,29.84,KOSDAQ
025900,동화기업,6150.0,0.82,KOSDAQ
206650,유바이오로직스,8400.0,0.72,KOSDAQ
265520,AP시스템,20450.0,4.44,KOSDAQ
110990,디아이티,16120.0,4.0,KOSDAQ
327260,RF머트리얼즈,33750.0,12.69,KOSDAQ
092460,한라IMS,17740.0,0.51,KOSDAQ
025770,한국정보통신,8080.0,0.87,KOSDAQ
107640,한중엔시에스,33050.0,2.96,KOSDAQ
108860,셀바스AI,10940.0,0.37,KOSDAQ
054950,제이브이엠,24150.0,2.11,KOSDAQ
468530,프로티나,26100.0,13.23,KOSDAQ
042520,한스바이오메드,20100.0,-0.74,KOSDAQ
136480,하림,2680.0,0.0,KOSDAQ
121440,골프존홀딩스,6630.0,-0.15,KOSDAQ
079370,제우스,9120.0,1.9,KOSDAQ
482630,삼양엔씨켐,12840.0,-0.39,KOSDAQ
080580,오킨스전자,13300.0,12.81,KOSDAQ
035810,이지홀딩스,4330.0,1.41,KOSDAQ
067630,HLB생명과학,2290.0,5.53,KOSDAQ
017890,한국알콜,13480.0,2.9,KOSDAQ
419530,SAMG엔터,27250.0,-3.37,KOSDAQ
098070,한텍,25000.0,0.6,KOSDAQ
101730,위메이드맥스,3315.0,-3.35,KOSDAQ
287840,인투셀,18430.0,-0.97,KOSDAQ
064820,케이프,8970.0,6.66,KOSDAQ
051500,CJ프레시웨이,23250.0,0.43,KOSDAQ
424870,이뮨온시아,3020.0,-0.17,KOSDAQ
093520,매커스,23150.0,3.58,KOSDAQ
484810,티엑스알로보틱스,17830.0,3.97,KOSDAQ
047920,HLB제약,8380.0,1.7,KOSDAQ
091700,파트론,5490.0,-0.36,KOSDAQ
035600,KG이니시스,9920.0,1.33,KOSDAQ
092190,서울바이오시스,5940.0,14.23,KOSDAQ
439090,마녀공장,16550.0,1.35,KOSDAQ
493280,아이엠바이오로직스,18250.0,5.31,KOSDAQ
484590,삼양컴텍,6530.0,5.32,KOSDAQ
394280,오픈엣지테크놀로지,10200.0,4.62,KOSDAQ
309710,아이티켐,21000.0,0.0,KOSDAQ
099440,스맥,3920.0,1.82,KOSDAQ
348340,뉴로메카,21500.0,2.38,KOSDAQ
151860,KG에코솔루션,5580.0,1.27,KOSDAQ
043150,바텍,17880.0,0.68,KOSDAQ
168360,펨트론,11860.0,1.02,KOSDAQ
182400,엔케이젠바이오텍코리아,3670.0,0.0,KOSDAQ
114810,한솔아이원스,9400.0,3.3,KOSDAQ
352480,씨앤씨인터내셔널,19400.0,0.21,KOSDAQ
194700,노바렉스,14450.0,-3.15,KOSDAQ
267980,매일유업,34400.0,1.18,KOSDAQ
234340,헥토파이낸셜,18780.0,4.22,KOSDAQ
389260,대명에너지,14540.0,12.28,KOSDAQ
023410,유진기업,3355.0,2.29,KOSDAQ
061090,세나테크놀로지,46900.0,4.92,KOSDAQ
121800,비덴트,3320.0,0.0,KOSDAQ
036800,나이스정보통신,28150.0,0.0,KOSDAQ
481070,에이유브랜즈,17870.0,-0.94,KOSDAQ
039830,오로라,23650.0,3.28,KOSDAQ
060720,KH바텍,10750.0,-1.01,KOSDAQ
488900,비츠로넥스텍,8750.0,3.55,KOSDAQ
314930,바이오다인,8510.0,-0.47,KOSDAQ
377460,큐에이드,4080.0,0.0,KOSDAQ
200130,콜마비앤에이치,8590.0,-0.35,KOSDAQ
389500,에스비비테크,37900.0,7.52,KOSDAQ
475400,씨메스로보틱스,21300.0,3.65,KOSDAQ
180400,DXVX,2550.0,0.0,KOSDAQ
452280,한선엔지니어링,13040.0,4.65,KOSDAQ
393890,더블유씨피,7350.0,3.67,KOSDAQ
452430,사피엔반도체,30000.0,4.9,KOSDAQ
206640,바디텍메드,11260.0,-0.27,KOSDAQ
194480,데브시스터즈,20150.0,-4.28,KOSDAQ
073490,LIG아큐버,32000.0,2.4,KOSDAQ
085910,네오티스,17550.0,0.75,KOSDAQ
043370,피에이치에이,11450.0,5.63,KOSDAQ
036200,유니셈,7820.0,2.89,KOSDAQ
061970,LB세미콘,4115.0,10.03,KOSDAQ
304360,에스바이오메딕스,18940.0,2.49,KOSDAQ
304100,솔트룩스,18600.0,9.41,KOSDAQ
042370,비츠로테크,8900.0,3.25,KOSDAQ
200470,에이팩트,5500.0,7.0,KOSDAQ
215000,골프존,37050.0,-0.67,KOSDAQ
417840,저스템,10130.0,8.0,KOSDAQ
005710,대원산업,11530.0,-0.09,KOSDAQ
071200,인피니트헬스케어,9410.0,0.0,KOSDAQ
100120,뷰웍스,25550.0,0.59,KOSDAQ
462350,이노스페이스,6760.0,6.29,KOSDAQ
053030,바이넥스,6990.0,2.04,KOSDAQ
036030,케이티알파,4660.0,0.87,KOSDAQ
377450,리파인,13180.0,2.01,KOSDAQ
254490,미래반도체,15820.0,6.68,KOSDAQ
0008Z0,에스엔시스,24150.0,8.3,KOSDAQ
0011T0,채비,4850.0,5.78,KOSDAQ
450950,아스테라시스,6030.0,3.43,KOSDAQ
187660,페니트리움바이오,4090.0,0.12,KOSDAQ
065710,서호전기,44000.0,2.33,KOSDAQ
144510,지씨셀,14340.0,0.07,KOSDAQ
099430,바이오플러스,3660.0,0.69,KOSDAQ
459510,나우로보틱스,17380.0,3.21,KOSDAQ
068930,디지털대성,8110.0,1.12,KOSDAQ
456010,아이씨티케이,15450.0,10.12,KOSDAQ
950170,JTC,4320.0,-2.15,KOSDAQ
272110,케이엔제이,27800.0,6.31,KOSDAQ
089980,상아프론테크,13890.0,3.89,KOSDAQ
290690,아리바이오홀딩스,4220.0,1.32,KOSDAQ
018000,유니슨,855.0,9.76,KOSDAQ
094360,칩스앤미디어,10380.0,-0.57,KOSDAQ
461300,아이스크림미디어,16620.0,2.53,KOSDAQ
014940,오리엔탈정공,4850.0,6.83,KOSDAQ
298830,슈어소프트테크,4120.0,1.98,KOSDAQ
159010,아스플로,16500.0,10.52,KOSDAQ
241520,DSC인베스트먼트,8250.0,3.25,KOSDAQ
378340,필에너지,10120.0,4.12,KOSDAQ
095500,미래나노텍,7050.0,3.07,KOSDAQ
052330,코텍,12250.0,1.24,KOSDAQ
065680,우주일렉트로,23500.0,8.29,KOSDAQ
217730,강스템바이오텍,2295.0,4.79,KOSDAQ
024840,KBI메탈,4985.0,29.99,KOSDAQ
230240,에치에프알,16100.0,5.02,KOSDAQ
114190,강원에너지,8200.0,3.8,KOSDAQ
317330,덕산테코피아,10440.0,5.45,KOSDAQ
0001A0,덕양에너젠,8380.0,2.07,KOSDAQ
102940,코오롱생명과학,16280.0,5.37,KOSDAQ
365270,큐라클,9610.0,3.56,KOSDAQ
011560,세보엠이씨,21100.0,2.43,KOSDAQ
318060,그래피,19000.0,1.93,KOSDAQ
067390,아스트,503.0,3.93,KOSDAQ
112290,와이씨켐,10470.0,9.75,KOSDAQ
023760,한국캐피탈,670.0,0.0,KOSDAQ
445090,에이직랜드,19300.0,7.64,KOSDAQ
046970,우리로,4795.0,8.24,KOSDAQ
092870,엑시콘,16100.0,11.42,KOSDAQ
402030,코난테크놀로지,16690.0,-0.06,KOSDAQ
448280,에코아이,7000.0,1.74,KOSDAQ
123330,제닉,25950.0,8.58,KOSDAQ
380540,옵티코어,8450.0,0.0,KOSDAQ
203650,드림시큐리티,2030.0,7.35,KOSDAQ
018310,삼목에스폼,13990.0,1.67,KOSDAQ
425040,티이엠씨,9350.0,10.13,KOSDAQ
034810,해성산업,6490.0,0.78,KOSDAQ
098120,마이크로컨텍솔,24600.0,9.09,KOSDAQ
353810,이지바이오,6110.0,0.66,KOSDAQ
052710,아모텍,13780.0,3.61,KOSDAQ
094480,갤럭시아머니트리,5130.0,0.98,KOSDAQ
220100,퓨쳐켐,8960.0,-0.55,KOSDAQ
064850,에프앤가이드,17570.0,-0.73,KOSDAQ
190510,나무가,14050.0,2.78,KOSDAQ
264850,이랜시스,6530.0,29.82,KOSDAQ
270660,에브리봇,15560.0,2.17,KOSDAQ
394800,쓰리빌리언,6180.0,3.52,KOSDAQ
237880,클리오,10850.0,-0.09,KOSDAQ
054210,이랜텍,7740.0,6.32,KOSDAQ
484120,도우인시스,17850.0,4.08,KOSDAQ
058970,엠로,15800.0,-1.25,KOSDAQ
013120,동원개발,2145.0,0.7,KOSDAQ
084850,아이티엠반도체,8580.0,5.8,KOSDAQ
042420,네오위즈홀딩스,23800.0,-0.21,KOSDAQ
036190,금화피에스시,32250.0,-0.31,KOSDAQ
091580,상신이디피,14390.0,2.42,KOSDAQ
086390,유니테스트,9040.0,4.63,KOSDAQ
446540,메가터치,6550.0,7.2,KOSDAQ
214180,헥토이노베이션,14560.0,1.11,KOSDAQ
0082N0,카나프테라퓨틱스,14260.0,14.08,KOSDAQ
078150,HB테크놀러지,2035.0,4.95,KOSDAQ
016790,현대사료,994.0,0.0,KOSDAQ
125020,티씨머티리얼즈,5340.0,8.65,KOSDAQ
176750,듀켐바이오,6560.0,0.15,KOSDAQ
045390,대아티아이,2640.0,3.73,KOSDAQ
357550,석경에이티,34000.0,3.03,KOSDAQ
019010,베뉴지,3840.0,1.05,KOSDAQ
294570,쿠콘,18330.0,2.4,KOSDAQ
036560,KZ정밀,11680.0,0.78,KOSDAQ
068790,DMS,8120.0,0.25,KOSDAQ
053300,한국정보인증,4510.0,0.78,KOSDAQ
126600,BGF에코머티리얼즈,2900.0,0.87,KOSDAQ
0015G0,그린광학,15500.0,4.66,KOSDAQ
256840,한국비엔씨,2650.0,2.51,KOSDAQ
049430,코메론,20000.0,1.11,KOSDAQ
192440,슈피겐코리아,29100.0,-0.68,KOSDAQ
066620,국보디자인,24050.0,2.34,KOSDAQ
094820,일진파워,11900.0,5.97,KOSDAQ
012860,모베이스전자,2450.0,4.48,KOSDAQ
064550,바이오니아,6940.0,1.76,KOSDAQ
036710,심텍홀딩스,3390.0,5.28,KOSDAQ
138360,앤로보틱스,2035.0,5.44,KOSDAQ
143240,사람인,16610.0,0.12,KOSDAQ
036170,에이치엠넥스,2900.0,12.84,KOSDAQ
123860,아나패스,14630.0,8.13,KOSDAQ
065660,안트로젠,17700.0,2.85,KOSDAQ
950140,잉글우드랩,8900.0,2.06,KOSDAQ
115450,HLB테라퓨틱스,1967.0,3.36,KOSDAQ
416180,신성에스티,19240.0,1.53,KOSDAQ
308430,셀비온,13470.0,-4.33,KOSDAQ
067080,대화제약,9330.0,0.65,KOSDAQ
243840,신흥에스이씨,4500.0,1.69,KOSDAQ
138610,나이벡,15240.0,1.6,KOSDAQ
092130,이크레더블,14350.0,0.42,KOSDAQ
204610,티쓰리,3100.0,0.32,KOSDAQ
403850,더핑크퐁컴퍼니,11960.0,-0.58,KOSDAQ
199430,케이엔알시스템,15310.0,0.86,KOSDAQ
199820,제일일렉트릭,7710.0,11.74,KOSDAQ
041920,메디아나,9190.0,1.32,KOSDAQ
354320,알멕,26700.0,-4.98,KOSDAQ
307180,아이엘,4610.0,0.77,KOSDAQ
080160,모두투어,8890.0,0.68,KOSDAQ
108380,대양전기공업,17520.0,3.0,KOSDAQ
245620,EDGC,741.0,0.0,KOSDAQ
475040,스트라드비젼,3125.0,6.11,KOSDAQ
039840,디오,12400.0,1.56,KOSDAQ
051370,인터플렉스,7120.0,2.89,KOSDAQ
093190,빅솔론,8590.0,-0.23,KOSDAQ
038390,레드캡투어,9860.0,-0.4,KOSDAQ
464080,에스오에스랩,9130.0,5.67,KOSDAQ
372170,윤성에프앤씨,20500.0,29.99,KOSDAQ
048550,SM C&C,1690.0,-2.99,KOSDAQ
216080,제테마,4375.0,0.0,KOSDAQ
143160,아이디스,15170.0,-0.65,KOSDAQ
314130,지놈앤컴퍼니,3580.0,-1.92,KOSDAQ
083930,아바코,11040.0,2.79,KOSDAQ
179290,엠아이텍,4995.0,0.1,KOSDAQ
046120,오르비텍,4775.0,-0.42,KOSDAQ
187870,디바이스,11690.0,4.1,KOSDAQ
086670,비엠티,16180.0,1.89,KOSDAQ
119610,인터로조,14070.0,2.4,KOSDAQ
222040,코스맥스엔비티,7770.0,3.74,KOSDAQ
082800,비보존 제약,2635.0,5.4,KOSDAQ
046440,KG파이낸셜,4200.0,4.48,KOSDAQ
066410,버킷스튜디오,1153.0,0.0,KOSDAQ
046070,코다코,10280.0,0.0,KOSDAQ
123410,코리아에프티,5700.0,1.06,KOSDAQ
023910,대한약품,26400.0,0.38,KOSDAQ
413630,씨피시스템,4335.0,1.64,KOSDAQ
084990,헬릭스미스,3425.0,3.16,KOSDAQ
088800,에이스테크,2080.0,15.56,KOSDAQ
086820,바이오솔루션,6050.0,0.17,KOSDAQ
079960,동양이엔피,20750.0,1.72,KOSDAQ
092070,디엔에프,13500.0,3.93,KOSDAQ
126640,화신정공,4450.0,6.71,KOSDAQ
032620,GC메디아이,2985.0,0.17,KOSDAQ
072870,메가스터디,13070.0,1.16,KOSDAQ
054800,아이디스홀딩스,15040.0,0.94,KOSDAQ
041020,폴라리스오피스,3130.0,1.13,KOSDAQ
078070,유비쿼스홀딩스,9110.0,3.05,KOSDAQ
126700,하이비젼시스템,10400.0,0.48,KOSDAQ
489460,바이오비쥬,10500.0,-4.81,KOSDAQ
051160,지어소프트,10000.0,7.87,KOSDAQ
338840,와이바이오로직스,10060.0,-1.08,KOSDAQ
234690,녹십자웰빙,8600.0,2.02,KOSDAQ
122990,와이솔,5790.0,2.66,KOSDAQ
012210,삼미금속,6690.0,0.75,KOSDAQ
013990,아가방컴퍼니,4685.0,-1.47,KOSDAQ
260970,에스앤디,53200.0,3.1,KOSDAQ
024060,흥구석유,10230.0,-2.94,KOSDAQ
264450,유비쿼스,10460.0,3.36,KOSDAQ
007330,푸른저축은행,10120.0,1.0,KOSDAQ
293780,압타바이오,5420.0,-1.81,KOSDAQ
011040,경동제약,4945.0,0.1,KOSDAQ
389020,자람테크놀로지,22000.0,10.66,KOSDAQ
083310,엘오티베큠,8510.0,3.65,KOSDAQ
251370,와이엠티,8360.0,3.59,KOSDAQ
024800,유성티엔에스,4270.0,2.28,KOSDAQ
255220,SG,1372.0,2.62,KOSDAQ
067280,멀티캠퍼스,25250.0,0.8,KOSDAQ
382800,지앤비에스 에코,4665.0,4.6,KOSDAQ
032580,피델릭스,4480.0,18.52,KOSDAQ
355150,코스텍시스,19030.0,12.01,KOSDAQ
049630,재영솔루텍,6340.0,3.59,KOSDAQ
049960,쎌바이오텍,15750.0,-0.88,KOSDAQ
054450,텔레칩스,9770.0,7.72,KOSDAQ
388050,지투파워,7860.0,6.65,KOSDAQ
104480,티케이케미칼,1612.0,0.94,KOSDAQ
094840,슈프리마에이치큐,14840.0,2.42,KOSDAQ
048870,시너지이노베이션,1650.0,1.23,KOSDAQ
040350,크레오에스지,7320.0,-0.14,KOSDAQ
334970,프레스티지바이오로직스,1856.0,1.48,KOSDAQ
212560,네오오토,10690.0,4.39,KOSDAQ
037070,파세코,7200.0,3.15,KOSDAQ
0039P0,매드업,7650.0,4.51,KOSDAQ
001540,안국약품,11020.0,-0.09,KOSDAQ
462860,더즌,2000.0,2.2,KOSDAQ
005990,매일홀딩스,10770.0,0.28,KOSDAQ
080420,모다이노칩,1795.0,12.12,KOSDAQ
039860,나노엔텍,3730.0,2.05,KOSDAQ
382900,범한퓨얼셀,16210.0,6.86,KOSDAQ
300080,플리토,8570.0,-0.35,KOSDAQ
322510,제이엘케이,5480.0,0.74,KOSDAQ
274090,켄코아에어로스페이스,10190.0,5.38,KOSDAQ
293580,나우IB,1461.0,2.67,KOSDAQ
457550,우진엔텍,14880.0,3.62,KOSDAQ
322310,오로스테크놀로지,14750.0,3.22,KOSDAQ
321550,티움바이오,4595.0,2.8,KOSDAQ
023600,삼보판지,8610.0,0.23,KOSDAQ
005160,동국산업,2540.0,2.42,KOSDAQ
147830,제룡산업,6850.0,11.02,KOSDAQ
310200,애니플러스,2625.0,-2.78,KOSDAQ
101970,우양에이치씨,9250.0,-0.22,KOSDAQ
474650,링크솔루션,23750.0,3.71,KOSDAQ
418550,제이오,4265.0,3.02,KOSDAQ
060150,인선이엔티,2995.0,-0.33,KOSDAQ
205500,넥써쓰,1676.0,-1.3,KOSDAQ
408920,메쎄이상,3155.0,-1.25,KOSDAQ
114840,아이패밀리에스씨,8170.0,0.74,KOSDAQ
069510,에스텍,12490.0,-0.87,KOSDAQ
333430,일승,4420.0,7.8,KOSDAQ
086890,이수앱지스,3330.0,0.45,KOSDAQ
119830,아이텍,5110.0,0.2,KOSDAQ
263860,지니언스,14900.0,2.19,KOSDAQ
246710,티앤알바이오팹,2830.0,1.25,KOSDAQ
035610,솔본,4920.0,2.5,KOSDAQ
0007C0,아크릴,16750.0,1.89,KOSDAQ
297890,HB솔루션,1831.0,2.98,KOSDAQ
003100,선광,20250.0,1.45,KOSDAQ
041520,이엘씨,10960.0,4.48,KOSDAQ
339950,아이비김영,2960.0,-1.33,KOSDAQ
405100,큐알티,10810.0,4.55,KOSDAQ
0088M0,메쥬,13440.0,-0.74,KOSDAQ
269620,시스웍,889.0,0.0,KOSDAQ
242040,나무에이엑스,3815.0,3.67,KOSDAQ
049720,고려신용정보,9210.0,0.22,KOSDAQ
102120,어보브반도체,7350.0,5.91,KOSDAQ
136540,윈스테크넷,10640.0,-0.28,KOSDAQ
093640,케이알엠,3975.0,2.71,KOSDAQ
361390,제노코,13360.0,5.11,KOSDAQ
140670,알에스오토메이션,10130.0,4.87,KOSDAQ
038290,마크로젠,11960.0,0.76,KOSDAQ
086980,쇼박스,2060.0,1.48,KOSDAQ
146320,비씨엔씨,10000.0,5.93,KOSDAQ
059120,아진엑스텍,6980.0,11.68,KOSDAQ
264660,씨앤지하이테크,13100.0,1.71,KOSDAQ
388790,라이콤,4150.0,4.67,KOSDAQ
445180,퓨릿,7390.0,4.38,KOSDAQ
232680,라온로보틱스,9570.0,5.16,KOSDAQ
226590,엠디바이스,11810.0,5.07,KOSDAQ
489500,엘케이켐,19700.0,2.23,KOSDAQ
451760,컨텍,7620.0,3.39,KOSDAQ
036690,코맥스,2885.0,0.0,KOSDAQ
950190,고스트스튜디오,9630.0,0.0,KOSDAQ
090850,현대이지웰,5570.0,-7.01,KOSDAQ
095190,신화프리텍,1912.0,0.37,KOSDAQ
118990,모트렉스,5060.0,1.2,KOSDAQ
101360,에코앤드림,6980.0,3.1,KOSDAQ
402490,그린리소스,7310.0,10.59,KOSDAQ
340450,지씨지놈,5230.0,2.55,KOSDAQ
256940,킵스파마,6150.0,3.71,KOSDAQ
458650,성우,8200.0,3.14,KOSDAQ
240550,동방메디컬,5870.0,1.38,KOSDAQ
285490,노바텍,11580.0,3.21,KOSDAQ
211270,AP위성,8090.0,6.45,KOSDAQ
488280,에스투더블유,11240.0,1.35,KOSDAQ
095700,제넥신,2670.0,1.14,KOSDAQ
432720,퀄리타스반도체,8540.0,7.02,KOSDAQ
108230,톱텍,3170.0,1.77,KOSDAQ
473980,노머스,10870.0,0.65,KOSDAQ
163730,핑거,10000.0,1.83,KOSDAQ
394420,리센스메디컬,10890.0,3.32,KOSDAQ
021320,KCC건설,5580.0,2.39,KOSDAQ
149950,아바텍,8720.0,5.19,KOSDAQ
478340,나라스페이스테크놀로지,10300.0,-0.96,KOSDAQ
089600,KT나스미디어,10260.0,-0.58,KOSDAQ
027710,팜스토리,1064.0,-0.09,KOSDAQ
051360,토비스,12270.0,5.59,KOSDAQ
142210,유니트론텍,5700.0,2.89,KOSDAQ
037350,성도이엔지,7770.0,6.44,KOSDAQ
106190,하이텍팜,11060.0,1.94,KOSDAQ
307750,국전,2175.0,0.93,KOSDAQ
126730,코칩,13370.0,6.11,KOSDAQ
122450,KX,2615.0,0.38,KOSDAQ
049520,유아이엘,3800.0,1.06,KOSDAQ
289080,SV인베스트먼트,1941.0,3.19,KOSDAQ
418420,라온텍,3790.0,9.22,KOSDAQ
041590,플래스크,2370.0,0.0,KOSDAQ
267320,나인테크,2020.0,5.32,KOSDAQ
041440,현대에버다임,6480.0,3.85,KOSDAQ
054920,한컴위드,4095.0,3.41,KOSDAQ
357880,SKAI,2180.0,2.83,KOSDAQ
259630,엠플러스,9400.0,2.73,KOSDAQ
469610,이노테크,12830.0,2.07,KOSDAQ
053080,케이엔솔,8800.0,4.64,KOSDAQ
101170,우림피티에스,8470.0,5.22,KOSDAQ
396300,세아메카닉스,4315.0,4.73,KOSDAQ
217270,넵튠,2420.0,-0.82,KOSDAQ
017510,세명전기,7410.0,15.42,KOSDAQ
038540,상상인,2040.0,0.25,KOSDAQ
371950,풍원정밀,4980.0,2.57,KOSDAQ
338220,뷰노,8060.0,-0.37,KOSDAQ
047310,파워로직스,3075.0,2.5,KOSDAQ
067290,JW신약,2005.0,3.4,KOSDAQ
021080,에이티넘인베스트,2340.0,2.63,KOSDAQ
282880,코윈테크,9590.0,2.57,KOSDAQ
035080,그래디언트,9810.0,2.29,KOSDAQ
220260,켐트로스,3495.0,3.1,KOSDAQ
042600,새로닉스,9020.0,2.62,KOSDAQ
148150,세경하이테크,3150.0,2.44,KOSDAQ
452450,피아이이,3100.0,2.65,KOSDAQ
290720,푸드나무,3145.0,2.78,KOSDAQ
453450,그리드위즈,14040.0,6.28,KOSDAQ
067990,도이치모터스,3820.0,0.0,KOSDAQ
053700,삼보모터스,4165.0,1.71,KOSDAQ
331920,셀레믹스,9950.0,5.29,KOSDAQ
051980,중앙첨단소재,999.0,4.28,KOSDAQ
073010,케이에스피,2760.0,4.55,KOSDAQ
105330,케이엔더블유,6900.0,7.98,KOSDAQ
006620,동구바이오제약,3880.0,-1.77,KOSDAQ
018120,진로발효,16650.0,0.6,KOSDAQ
056090,시지메드텍,1067.0,5.85,KOSDAQ
054050,NH농우바이오,6850.0,1.18,KOSDAQ
474170,루미르,6160.0,2.5,KOSDAQ
032940,원익,6020.0,3.08,KOSDAQ
009780,엠에스씨,6220.0,-0.96,KOSDAQ
058820,CMG제약,739.0,-0.94,KOSDAQ
308080,바이젠셀,5330.0,3.7,KOSDAQ
063570,NICE인프라,3190.0,0.31,KOSDAQ
109740,디에스케이,4235.0,0.83,KOSDAQ
052260,현대바이오랜드,3620.0,0.42,KOSDAQ
039560,다산네트웍스,2530.0,5.2,KOSDAQ
228850,레이언스,6530.0,3.82,KOSDAQ
158430,아톤,4415.0,2.67,KOSDAQ
083500,에프엔에스테크,13000.0,4.5,KOSDAQ
067900,와이엔텍,5930.0,0.51,KOSDAQ
265740,엔에프씨,6020.0,0.67,KOSDAQ
039340,한국경제TV,4880.0,0.93,KOSDAQ
417500,제이아이테크,3270.0,1.87,KOSDAQ
299030,하나기술,13310.0,4.47,KOSDAQ
362320,청담글로벌,5020.0,-0.4,KOSDAQ
166480,코아스템켐온,2005.0,0.7,KOSDAQ
317770,엑스페릭스,2885.0,3.96,KOSDAQ
059210,메타바이오메드,3885.0,1.3,KOSDAQ
115310,인포바인,7110.0,-0.97,KOSDAQ
120240,대정화금,14600.0,1.6,KOSDAQ
115500,케이씨에스,8710.0,5.58,KOSDAQ
297090,씨에스베어링,3830.0,3.79,KOSDAQ
141000,비아트론,8620.0,3.86,KOSDAQ
013310,아진산업,2680.0,2.49,KOSDAQ
192410,오늘이엔엠,4120.0,-1.67,KOSDAQ
044340,위닉스,5800.0,-0.68,KOSDAQ
309960,LB인베스트먼트,4450.0,0.68,KOSDAQ
226400,오스테오닉,5000.0,-0.99,KOSDAQ
047770,코데즈컴바인,2725.0,6.24,KOSDAQ
189330,씨이랩,10990.0,-0.27,KOSDAQ
131030,옵투스제약,5840.0,0.86,KOSDAQ
474610,RF시스템즈,7140.0,7.69,KOSDAQ
073560,우리손에프앤지,1486.0,-0.27,KOSDAQ
380550,뉴로핏,8430.0,4.2,KOSDAQ
066590,스모트로닉,2650.0,6.21,KOSDAQ
100700,세운메디칼,2340.0,0.0,KOSDAQ
036630,세종텔레콤,7300.0,3.55,KOSDAQ
153890,져스텍,8470.0,24.19,KOSDAQ
123040,엠에스오토텍,1621.0,1.95,KOSDAQ
307930,컴퍼니케이,6470.0,1.73,KOSDAQ
047560,이스트소프트,8570.0,-1.72,KOSDAQ
071280,로체시스템즈,6570.0,2.02,KOSDAQ
417010,나노팀,4975.0,8.62,KOSDAQ
366030,나인앤컴퍼니,4410.0,3.16,KOSDAQ
246720,아스타,6070.0,0.0,KOSDAQ
323990,박셀바이오,4255.0,0.12,KOSDAQ
205100,엑셈,1400.0,0.79,KOSDAQ
042500,링네트,4435.0,3.62,KOSDAQ
475580,에이럭스,7220.0,3.44,KOSDAQ
172670,에이엘티,10970.0,12.98,KOSDAQ
282720,금양그린파워,8100.0,5.19,KOSDAQ
091440,한울소재과학,2860.0,2.14,KOSDAQ
125210,아모그린텍,5930.0,4.96,KOSDAQ
129920,대성하이텍,6000.0,5.63,KOSDAQ
336680,탑런토탈솔루션,2490.0,1.63,KOSDAQ
036220,오상헬스케어,6810.0,3.81,KOSDAQ
066790,씨씨에스,2205.0,0.0,KOSDAQ
352090,스톰테크,3620.0,0.98,KOSDAQ
002230,피에스텍,5280.0,1.73,KOSDAQ
040300,YTN,2040.0,-1.21,KOSDAQ
088130,동아엘텍,5540.0,4.73,KOSDAQ
209640,와이제이링크,3395.0,4.46,KOSDAQ
068240,다원시스,2530.0,0.0,KOSDAQ
289930,웨이비스,7340.0,4.56,KOSDAQ
037030,파워넷,3780.0,7.08,KOSDAQ
0017J0,세미티에스,3195.0,7.94,KOSDAQ
298540,더네이쳐홀딩스,6560.0,-0.3,KOSDAQ
217820,원익피앤이,1981.0,4.15,KOSDAQ
086710,선진뷰티사이언스,7690.0,0.39,KOSDAQ
005860,한일사료,2380.0,3.48,KOSDAQ
049080,기가레인,10990.0,21.84,KOSDAQ
063170,서울옥션,5240.0,1.75,KOSDAQ
228670,레이,5940.0,4.76,KOSDAQ
044990,에이치엔에스하이텍,12080.0,2.37,KOSDAQ
463020,뉴엔AI,10330.0,14.02,KOSDAQ
023900,풍국주정,7340.0,2.09,KOSDAQ
330350,위더스제약,7000.0,2.49,KOSDAQ
396470,워트,5710.0,4.2,KOSDAQ
250060,모비스,2860.0,5.54,KOSDAQ
099750,이지케어텍,6710.0,0.0,KOSDAQ
302550,리메드,2965.0,4.77,KOSDAQ
322180,LS티라유텍,4260.0,2.28,KOSDAQ
109610,에스와이,1870.0,3.09,KOSDAQ
487580,폴레드,3630.0,7.88,KOSDAQ
042510,라온시큐어,8230.0,1.6,KOSDAQ
093920,서원인텍,4890.0,0.72,KOSDAQ
235980,메드팩토,2650.0,1.15,KOSDAQ
040420,정상제이엘에스,5770.0,0.0,KOSDAQ
052420,오성첨단소재,9270.0,0.76,KOSDAQ
452190,한빛레이저,3775.0,7.86,KOSDAQ
078140,대봉엘에스,8140.0,1.12,KOSDAQ
419050,삼기에너지솔루션즈,1577.0,8.83,KOSDAQ
033560,블루콤,5270.0,0.76,KOSDAQ
074430,아미노로직스,1020.0,-0.68,KOSDAQ
357230,에이치피오,2175.0,2.35,KOSDAQ
066430,아이로보틱스,2290.0,4.57,KOSDAQ
0218L0,네오뷰,16990.0,10.04,KOSDAQ
033290,로젠,1595.0,2.9,KOSDAQ
311320,지오엘리먼트,7090.0,4.57,KOSDAQ
104460,디와이피엔에프,8500.0,1.31,KOSDAQ
019540,일지테크,6610.0,4.09,KOSDAQ
348350,위드텍,8950.0,3.11,KOSDAQ
330730,스톤브릿지벤처스,4900.0,3.16,KOSDAQ
187790,나노,2890.0,3.03,KOSDAQ
049950,미래컴퍼니,10090.0,1.31,KOSDAQ
053260,금강철강,4750.0,0.0,KOSDAQ
025950,동신건설,10580.0,2.62,KOSDAQ
054540,삼영엠텍,6830.0,6.72,KOSDAQ
418470,KT밀리의서재,10330.0,0.49,KOSDAQ
182360,큐브엔터,5690.0,0.53,KOSDAQ
079650,서산,4410.0,2.56,KOSDAQ
255440,야스,6740.0,11.96,KOSDAQ
053580,웹케시,6790.0,0.89,KOSDAQ
065450,빅텍,2965.0,0.34,KOSDAQ
263800,데이타솔루션,5370.0,5.5,KOSDAQ
215100,로보로보,4280.0,5.81,KOSDAQ
096240,크레버스,8470.0,-0.59,KOSDAQ
0015N0,아로마티카,6890.0,25.05,KOSDAQ
389030,지니너스,2195.0,1.15,KOSDAQ
130580,나이스디앤비,5610.0,1.45,KOSDAQ
086960,MDS테크,2030.0,3.47,KOSDAQ
017650,대림제지,9820.0,2.94,KOSDAQ
263720,디앤씨미디어,6950.0,-0.71,KOSDAQ
052900,KX하이텍,1125.0,6.84,KOSDAQ
337930,젝시믹스,2895.0,0.7,KOSDAQ
494120,큐리오시스,11250.0,1.99,KOSDAQ
004650,창해에탄올,9290.0,0.0,KOSDAQ
100130,동국S&C,1494.0,1.98,KOSDAQ
032300,한국파마,7820.0,0.39,KOSDAQ
072020,중앙백신,9190.0,-0.43,KOSDAQ
149980,하이로닉,4945.0,-0.5,KOSDAQ
029480,광무,1422.0,3.42,KOSDAQ
063080,컴투스홀딩스,12850.0,0.39,KOSDAQ
950250,테라뷰,2380.0,8.18,KOSDAQ
381620,제닉스로보틱스,6440.0,6.98,KOSDAQ
049180,셀루메드,1009.0,0.0,KOSDAQ
183490,엔지켐생명과학,990.0,0.0,KOSDAQ
0011A0,액스비스,8940.0,4.56,KOSDAQ
052460,아이크래프트,5710.0,-6.85,KOSDAQ
036010,아비코전자,6260.0,7.38,KOSDAQ
054040,한국컴퓨터,5160.0,0.98,KOSDAQ
115440,우리넷,7660.0,7.43,KOSDAQ
475230,엔알비,7560.0,0.27,KOSDAQ
101330,모베이스,3550.0,4.11,KOSDAQ
365660,레몬헬스케어,6100.0,3.21,KOSDAQ
377480,마음AI,11510.0,-0.6,KOSDAQ
048530,인트론바이오,2640.0,-0.94,KOSDAQ
066700,테라젠이텍스,2195.0,-0.23,KOSDAQ
175250,아이큐어,2170.0,0.0,KOSDAQ
131370,알서포트,1530.0,0.86,KOSDAQ
078890,가온그룹,4420.0,4.0,KOSDAQ
950130,엑세스바이오,2315.0,-0.43,KOSDAQ
019550,SBI인베스트먼트,1004.0,0.4,KOSDAQ
054670,대한뉴팜,5650.0,0.36,KOSDAQ
214260,라파스,9090.0,1.34,KOSDAQ
412540,제일엠앤에스,3935.0,0.0,KOSDAQ
053350,이니텍,3680.0,0.14,KOSDAQ
037760,쎄니트,2395.0,0.21,KOSDAQ
102370,케이옥션,3125.0,-0.48,KOSDAQ
306620,지아이에스,1684.0,5.78,KOSDAQ
058630,엠게임,4300.0,-1.49,KOSDAQ
039980,폴라리스AI,5610.0,5.25,KOSDAQ
290740,액트로,8000.0,5.12,KOSDAQ
038110,에코플라스틱,1950.0,2.25,KOSDAQ
053280,예스24,3210.0,0.63,KOSDAQ
223250,드림씨아이에스,3260.0,0.0,KOSDAQ
900260,로스웰,1730.0,2.98,KOSDAQ
009300,삼아제약,12480.0,0.65,KOSDAQ
012700,리드코프,3030.0,0.17,KOSDAQ
047820,초록뱀미디어,3245.0,5.36,KOSDAQ
067370,선바이오,6490.0,0.0,KOSDAQ
011370,서한,785.0,2.21,KOSDAQ
036640,HRS,4840.0,0.0,KOSDAQ
217330,싸이토젠,3420.0,3.17,KOSDAQ
054620,APS,4300.0,2.63,KOSDAQ
0156T0,에이치엘지노믹스,10160.0,1.8,KOSDAQ
320000,한울반도체,11730.0,2.09,KOSDAQ
092040,아미코젠,1118.0,-9.11,KOSDAQ
331380,포커스에이아이,2160.0,4.1,KOSDAQ
493330,지에프아이,10060.0,-0.4,KOSDAQ
080010,이상네트웍스,8010.0,0.5,KOSDAQ
451220,아이엠티,10000.0,13.64,KOSDAQ
173130,오파스넷,6030.0,1.86,KOSDAQ
156100,엘앤케이바이오,3515.0,2.93,KOSDAQ
107600,새빗켐,13900.0,6.6,KOSDAQ
413390,엠오티,6770.0,2.11,KOSDAQ
0117P0,피스피스스튜디오,5530.0,1.28,KOSDAQ
303810,동국생명과학,2445.0,0.41,KOSDAQ
096250,와이즈넛,6610.0,5.59,KOSDAQ
443670,에스피소프트,3230.0,2.22,KOSDAQ
090470,제이스로보틱스,4415.0,2.08,KOSDAQ
040910,아이씨디,4245.0,2.41,KOSDAQ
265560,영화테크,7200.0,1.27,KOSDAQ
038680,에스넷,3865.0,4.74,KOSDAQ
004590,한국가구,5120.0,-0.58,KOSDAQ
024880,케이피에프,3850.0,2.26,KOSDAQ
212710,아이에스티이,7880.0,3.28,KOSDAQ
067000,조이시티,1090.0,-11.45,KOSDAQ
073640,테라사이언스,654.0,0.0,KOSDAQ
451250,삐아,7410.0,0.14,KOSDAQ
066980,한성크린텍,1410.0,3.75,KOSDAQ
052860,아이앤씨,4225.0,6.02,KOSDAQ
065510,휴비츠,6930.0,-0.43,KOSDAQ
085670,뉴프렉스,3075.0,3.02,KOSDAQ
234030,싸이닉솔루션,3190.0,3.07,KOSDAQ
000440,중앙에너비스,12090.0,-2.74,KOSDAQ
294630,서남,2840.0,3.27,KOSDAQ
475430,키스트론,4205.0,3.83,KOSDAQ
020710,시공테크,3725.0,3.33,KOSDAQ
389140,포바이포,5230.0,2.75,KOSDAQ
347890,엠엑스온,4380.0,2.82,KOSDAQ
170030,현대공업,4845.0,1.25,KOSDAQ
234300,에스트래픽,2725.0,1.3,KOSDAQ
061250,화일약품,8790.0,-1.9,KOSDAQ
253840,수젠텍,4415.0,5.37,KOSDAQ
060590,씨티씨바이오,3050.0,0.33,KOSDAQ
417970,모델솔루션,11490.0,4.45,KOSDAQ
017480,삼현철강,4750.0,0.64,KOSDAQ
270520,앱튼,3730.0,5.52,KOSDAQ
024830,세원물산,8770.0,-1.68,KOSDAQ
067570,엔브이에이치코리아,1734.0,0.29,KOSDAQ
307870,비투엔,984.0,7.31,KOSDAQ
171120,라이온켐텍,2035.0,1.24,KOSDAQ
208140,정다운,2235.0,0.22,KOSDAQ
332370,아이디피,5500.0,-1.43,KOSDAQ
006140,피제이전자,4895.0,3.05,KOSDAQ
084730,팅크웨어,6540.0,2.67,KOSDAQ
201490,미투온,2220.0,2.78,KOSDAQ
357580,아모센스,6160.0,9.61,KOSDAQ
011320,유니크,3755.0,0.81,KOSDAQ
043610,KT지니뮤직,1247.0,1.8,KOSDAQ
038460,바이오스마트,2865.0,2.32,KOSDAQ
104040,디에스엠,2700.0,2.27,KOSDAQ
082210,옵트론텍,2070.0,1.97,KOSDAQ
365330,에스와이스틸텍,1442.0,4.12,KOSDAQ
030960,양지사,4520.0,0.78,KOSDAQ
033130,디지틀조선,1944.0,0.93,KOSDAQ
091120,이엠텍,4200.0,5.13,KOSDAQ
041910,폴라리스AI파마,5410.0,2.08,KOSDAQ
234920,자이글,5310.0,0.0,KOSDAQ
382840,원준,4695.0,6.95,KOSDAQ
094860,네오리진,1350.0,6.3,KOSDAQ
045970,코아시아,2715.0,3.43,KOSDAQ
105740,디케이락,6980.0,1.75,KOSDAQ
432470,케이엔에스,8080.0,5.62,KOSDAQ
382480,지아이텍,1800.0,1.41,KOSDAQ
321370,센서뷰,1371.0,5.62,KOSDAQ
225530,HC보광산업,1944.0,0.73,KOSDAQ
251120,바이오에프디엔씨,8120.0,0.74,KOSDAQ
185490,아이진,1630.0,4.49,KOSDAQ
110790,크리스에프앤씨,3005.0,2.74,KOSDAQ
396270,넥스트칩,2140.0,4.65,KOSDAQ
387690,레메디,9210.0,8.35,KOSDAQ
041930,SY동아,4595.0,1.77,KOSDAQ
388870,파로스아이바이오,5390.0,0.0,KOSDAQ
024740,한일단조,2120.0,1.92,KOSDAQ
478560,블랙야크아이앤씨,2700.0,2.47,KOSDAQ
045660,에이텍,8420.0,1.45,KOSDAQ
153710,옵티팜,4740.0,0.64,KOSDAQ
079810,APS이노베이션,3230.0,3.19,KOSDAQ
456070,이엔셀,6300.0,2.61,KOSDAQ
214680,디알텍,832.0,0.97,KOSDAQ
124560,태웅로직스,1792.0,-0.22,KOSDAQ
208370,셀바스헬스케어,2695.0,-0.55,KOSDAQ
066310,큐에스아이,7460.0,7.03,KOSDAQ
089230,THE E&M,1800.0,3.03,KOSDAQ
196490,디에이테크놀로지,6090.0,0.0,KOSDAQ
088390,이녹스,7360.0,2.08,KOSDAQ
072950,빛샘전자,8550.0,13.1,KOSDAQ
083790,CG인바이츠,895.0,4.07,KOSDAQ
076610,해성옵틱스,1160.0,4.98,KOSDAQ
032850,비트컴퓨터,4130.0,2.1,KOSDAQ
222110,팬젠,5060.0,1.2,KOSDAQ
128660,피제이메탈,2755.0,1.29,KOSDAQ
290660,다이나믹솔루션,1593.0,-1.67,KOSDAQ
360070,탑머티리얼,8330.0,3.09,KOSDAQ
026150,특수건설,3880.0,4.3,KOSDAQ
238090,앤디포스,2230.0,3.0,KOSDAQ
008830,대동기어,7530.0,0.27,KOSDAQ
059270,해성에어로보틱스,6060.0,5.57,KOSDAQ
065170,비엘팜텍,2420.0,4.09,KOSDAQ
460940,피앤에스로보틱스,5010.0,3.51,KOSDAQ
464490,쿼드메디슨,5870.0,0.34,KOSDAQ
198440,강동씨앤엘,1100.0,2.61,KOSDAQ
109860,동일금속,7350.0,-0.94,KOSDAQ
049550,잉크테크,3410.0,2.4,KOSDAQ
217190,제너셈,5080.0,6.39,KOSDAQ
062970,한국첨단소재,1162.0,0.0,KOSDAQ
096350,대창솔루션,1799.0,4.29,KOSDAQ
036000,예림당,2870.0,0.0,KOSDAQ
032540,TJ미디어,3135.0,0.32,KOSDAQ
048430,유라테크,5680.0,-1.39,KOSDAQ
347860,알체라,1550.0,1.31,KOSDAQ
002800,신신제약,4300.0,0.7,KOSDAQ
0004V0,엔비알모션,5920.0,-1.33,KOSDAQ
007820,엠엑스로보틱스,3250.0,4.84,KOSDAQ
331740,아우토크립트,6670.0,2.62,KOSDAQ
175140,아고스,2600.0,8.79,KOSDAQ
303360,프로티아,5020.0,0.0,KOSDAQ
010280,아이티센엔텍,4950.0,1.23,KOSDAQ
010240,흥국,5500.0,0.0,KOSDAQ
347000,센코,1702.0,1.55,KOSDAQ
142280,녹십자엠에스,2685.0,2.68,KOSDAQ
081150,티플랙스,2650.0,1.53,KOSDAQ
134580,탑코미디어,1304.0,5.59,KOSDAQ
089850,유비벨록스,4350.0,1.28,KOSDAQ
221800,지구홀딩스,3920.0,-2.49,KOSDAQ
039420,케이엘넷,2785.0,1.09,KOSDAQ
014970,삼륭물산,4310.0,2.38,KOSDAQ
041460,한국전자인증,3360.0,0.75,KOSDAQ
0015S0,페스카로,6450.0,2.38,KOSDAQ
004780,대륙제관,4000.0,-2.32,KOSDAQ
039010,현대에이치티,7360.0,6.82,KOSDAQ
0007J0,인벤테라,8050.0,3.87,KOSDAQ
117670,알파칩스,9490.0,3.72,KOSDAQ
204840,지엘팜텍,814.0,0.0,KOSDAQ
012790,신일제약,5260.0,0.0,KOSDAQ
095270,웨이브일렉트로,4385.0,3.42,KOSDAQ
147760,피엠티,3150.0,12.9,KOSDAQ
043650,국순당,3525.0,0.28,KOSDAQ
005670,푸드웰,6290.0,0.8,KOSDAQ
443250,레뷰코퍼레이션,5800.0,0.35,KOSDAQ
179530,애드바이오텍,2325.0,6.65,KOSDAQ
001840,이화공영,2215.0,0.0,KOSDAQ
214270,FSN,1380.0,0.0,KOSDAQ
123420,위메이드플레이,5990.0,-0.33,KOSDAQ
294090,이오플로우,1490.0,0.0,KOSDAQ
140070,서플러스글로벌,1683.0,5.58,KOSDAQ
137950,제이씨케미칼,2795.0,3.71,KOSDAQ
424960,스마트레이더시스템,3775.0,5.59,KOSDAQ
203400,에이비온,688.0,-4.31,KOSDAQ
065530,와이어블,1292.0,1.65,KOSDAQ
126880,제이엔케이글로벌,2650.0,0.76,KOSDAQ
323350,다원넥스뷰,7650.0,7.29,KOSDAQ
084650,랩지노믹스,825.0,9.85,KOSDAQ
411080,샌즈랩,4005.0,2.17,KOSDAQ
060310,3S,1152.0,9.3,KOSDAQ
277880,티에스아이,3080.0,4.05,KOSDAQ
058400,KNN,4615.0,0.54,KOSDAQ
122350,삼기,1594.0,-4.21,KOSDAQ
100590,머큐리,3565.0,8.52,KOSDAQ
251630,브이원텍,3830.0,4.08,KOSDAQ
348150,고바이오랩,3140.0,2.95,KOSDAQ
100030,인지소프트,18500.0,1.65,KOSDAQ
241690,유니테크노,2475.0,1.02,KOSDAQ
067920,이글루,5500.0,1.1,KOSDAQ
412350,레이저쎌,4140.0,6.15,KOSDAQ
318160,셀바이오휴먼텍,6440.0,2.55,KOSDAQ
155650,와이엠씨,3165.0,6.93,KOSDAQ
111710,남화산업,2915.0,1.39,KOSDAQ
136150,원일티엔아이,7160.0,2.14,KOSDAQ
453860,에이에스텍,9310.0,0.54,KOSDAQ
014470,부방,999.0,-0.1,KOSDAQ
333620,엔시스,5450.0,3.02,KOSDAQ
417790,트루엔,5720.0,0.88,KOSDAQ
168330,내츄럴엔도텍,1885.0,-0.05,KOSDAQ
049480,오픈베이스,1901.0,1.39,KOSDAQ
448710,코츠테크놀로지,11300.0,3.39,KOSDAQ
162300,신스틸,1440.0,0.0,KOSDAQ
061040,알에프텍,6600.0,7.14,KOSDAQ
043710,코스리거글로벌,3440.0,0.29,KOSDAQ
094850,참좋은여행,4235.0,0.59,KOSDAQ
460870,에스엠씨지,2950.0,6.12,KOSDAQ
215360,우리산업,6480.0,3.18,KOSDAQ
048910,대원미디어,4695.0,2.62,KOSDAQ
261780,아리바이오랩,2090.0,1.21,KOSDAQ
216050,인크로스,4790.0,1.48,KOSDAQ
056360,코위버,5960.0,4.93,KOSDAQ
099520,DGI,1284.0,0.0,KOSDAQ
291650,압타머사이언스,950.0,0.0,KOSDAQ
054300,팬스타엔터프라이즈,1001.0,0.1,KOSDAQ
040160,누리플렉스,4805.0,8.96,KOSDAQ
016250,SGC E&C,11500.0,2.04,KOSDAQ
263690,디알젬,5110.0,0.79,KOSDAQ
137080,나래나노텍,5400.0,1.31,KOSDAQ
008370,원풍,4815.0,0.1,KOSDAQ
408470,한패스,5430.0,1.69,KOSDAQ
246960,SCL사이언스,1677.0,-1.99,KOSDAQ
439580,블루엠텍,1685.0,1.94,KOSDAQ
010470,오리콤,4750.0,0.53,KOSDAQ
205470,휴마시스,2300.0,3.84,KOSDAQ
042110,에스씨디,1174.0,1.73,KOSDAQ
053620,태양,6580.0,0.92,KOSDAQ
003310,대주산업,1596.0,2.31,KOSDAQ
067170,오텍,2055.0,1.73,KOSDAQ
263600,덕우전자,3540.0,4.27,KOSDAQ
025550,한국선재,2210.0,3.03,KOSDAQ
459100,위츠,4180.0,4.5,KOSDAQ
045340,토탈소프트,6570.0,1.7,KOSDAQ
037440,희림,4035.0,5.08,KOSDAQ
050960,수산아이앤티,8280.0,1.6,KOSDAQ
036090,위지트,1312.0,2.26,KOSDAQ
420570,제이투케이바이오,9530.0,2.03,KOSDAQ
340930,성원에너텍,806.0,0.0,KOSDAQ
104540,코렌텍,4140.0,2.1,KOSDAQ
027050,코리아나,1387.0,1.69,KOSDAQ
476040,오가노이드사이언스,8420.0,-0.94,KOSDAQ
288180,케이피항공산업,7490.0,0.54,KOSDAQ
039020,이건홀딩스,2450.0,1.66,KOSDAQ
088910,동우팜투테이블,2150.0,0.7,KOSDAQ
070300,엑스큐어,1556.0,8.13,KOSDAQ
007370,진양제약,3910.0,0.64,KOSDAQ
170790,파이오링크,8620.0,3.86,KOSDAQ
219550,디와이디,1425.0,-1.18,KOSDAQ
457370,한켐,6820.0,5.41,KOSDAQ
039610,화성밸브,5280.0,2.92,KOSDAQ
217480,에스디생명공학,499.0,0.0,KOSDAQ
950200,소마젠,2845.0,1.61,KOSDAQ
419080,엔젯,5030.0,5.56,KOSDAQ
273640,와이엠텍,4985.0,3.1,KOSDAQ
053160,프리엠스,9090.0,-1.84,KOSDAQ
040610,SG&G,3200.0,1.11,KOSDAQ
036120,서울평가정보,1547.0,1.64,KOSDAQ
299170,더블유에스아이,1306.0,1.24,KOSDAQ
391710,코닉오토메이션,1270.0,4.35,KOSDAQ
060570,드림어스컴퍼니,728.0,0.0,KOSDAQ
094940,푸른로보틱스,6450.0,7.14,KOSDAQ
370090,퓨런티어,6300.0,2.11,KOSDAQ
033320,제이씨현시스템,2820.0,0.18,KOSDAQ
014950,삼익제약,5350.0,15.05,KOSDAQ
027830,대성창투,997.0,1.32,KOSDAQ
036670,삼양케이씨아이,5000.0,0.0,KOSDAQ
192250,케이사인,7610.0,4.25,KOSDAQ
094970,제이엠티,3210.0,4.22,KOSDAQ
314140,알피바이오,6190.0,0.0,KOSDAQ
317830,에스피시스템스,4970.0,4.85,KOSDAQ
046940,우원개발,2960.0,1.54,KOSDAQ
347740,피엔케이피부임상연구센타,1782.0,0.73,KOSDAQ
452400,이닉스,5870.0,1.38,KOSDAQ
435570,에르코스,6990.0,0.58,KOSDAQ
033310,엠투엔,1323.0,-0.68,KOSDAQ
091590,남화토건,4500.0,2.86,KOSDAQ
179900,유티아이,2665.0,30.0,KOSDAQ
064800,포니링크,2060.0,-1.44,KOSDAQ
053270,구영테크,1918.0,2.68,KOSDAQ
136410,아셈스,4765.0,5.07,KOSDAQ
071670,에이테크솔루션,5250.0,2.54,KOSDAQ
187420,HLB제넥스,1607.0,0.44,KOSDAQ
054930,유신,17360.0,4.89,KOSDAQ
064240,홈캐스트,1499.0,5.79,KOSDAQ
191420,테고사이언스,6410.0,-1.84,KOSDAQ
053450,세코닉스,3500.0,4.01,KOSDAQ
096610,알에프세미,2965.0,0.0,KOSDAQ
081180,쎄크,5840.0,5.42,KOSDAQ
104620,노랑풍선,3050.0,2.35,KOSDAQ
046210,HLB파나진,1125.0,1.9,KOSDAQ
066670,디티씨,2740.0,3.59,KOSDAQ
109080,옵티시스,9070.0,8.88,KOSDAQ
317530,에피소드컴퍼니,2915.0,0.52,KOSDAQ
063440,SM Life Design,1120.0,0.0,KOSDAQ
122310,제노레이,3485.0,1.9,KOSDAQ
033230,인성정보,1004.0,-0.2,KOSDAQ
217500,러셀,1593.0,3.24,KOSDAQ
198080,캐프,2350.0,5.15,KOSDAQ
039240,경남스틸,1875.0,-0.95,KOSDAQ
457600,벡트,3690.0,0.27,KOSDAQ
024910,경창산업,1411.0,3.67,KOSDAQ
053050,지에스이,1682.0,-1.29,KOSDAQ
393970,대진첨단소재,2825.0,0.0,KOSDAQ
299660,셀리드,1707.0,0.0,KOSDAQ
092300,현우산업,2495.0,4.18,KOSDAQ
256630,포인트엔지니어링,4320.0,1.89,KOSDAQ
463480,모티브링크,4010.0,6.08,KOSDAQ
260930,씨티케이,2565.0,2.6,KOSDAQ
225190,LK삼양,704.0,0.14,KOSDAQ
048770,TPC로보틱스,3160.0,7.12,KOSDAQ
072990,에이치시티,3405.0,-2.71,KOSDAQ
302430,이노메트리,5020.0,2.76,KOSDAQ
241790,티이엠씨씨엔에스,4935.0,4.11,KOSDAQ
317850,대모,5920.0,4.59,KOSDAQ
228340,동양파일,2450.0,1.24,KOSDAQ
0013V0,삼진식품,4915.0,1.55,KOSDAQ
145170,노브랜드,2865.0,1.42,KOSDAQ
315640,딥노이드,1647.0,2.55,KOSDAQ
311690,CJ 바이오사이언스,3700.0,2.78,KOSDAQ
038060,루멘스,999.0,18.51,KOSDAQ
294140,레몬,1928.0,6.52,KOSDAQ
321260,프로이천,1703.0,4.99,KOSDAQ
088280,쏘닉스,2770.0,12.15,KOSDAQ
101670,하이드로리튬,844.0,1.69,KOSDAQ
082660,코스나인,480.0,0.0,KOSDAQ
418250,시큐레터,6550.0,0.0,KOSDAQ
053980,오상자이엘,2505.0,0.4,KOSDAQ
196450,코아시아씨엠,1049.0,16.82,KOSDAQ
019990,에너토크,4870.0,1.67,KOSDAQ
024950,삼천리자전거,3830.0,3.1,KOSDAQ
038010,제일테크노스,5260.0,1.94,KOSDAQ
072470,우리산업홀딩스,2505.0,3.51,KOSDAQ
222420,쎄노텍,976.0,1.88,KOSDAQ
317690,퀀타매트릭스,2345.0,1.08,KOSDAQ
097800,윈팩,1729.0,4.09,KOSDAQ
051390,YW,4150.0,1.47,KOSDAQ
037950,엘컴텍,2790.0,0.72,KOSDAQ
950220,네오이뮨텍,1373.0,-0.44,KOSDAQ
0010V0,제이피아이헬스케어,9200.0,2.34,KOSDAQ
023440,제이스코홀딩스,521.0,0.0,KOSDAQ
143540,영우디에스피,1048.0,0.19,KOSDAQ
413640,비아이매트릭스,6480.0,1.25,KOSDAQ
440290,HB인베스트먼트,1684.0,2.25,KOSDAQ
060560,HC홈센타,1824.0,1.67,KOSDAQ
114450,그린생명과학,2315.0,-0.64,KOSDAQ
015710,코콤,2640.0,-0.19,KOSDAQ
082850,우리바이오,953.0,-0.73,KOSDAQ
471820,셀로맥스사이언스,4080.0,0.37,KOSDAQ
384470,코어라인소프트,2565.0,-0.77,KOSDAQ
461030,아이엠비디엑스,3210.0,0.16,KOSDAQ
459550,알트,1823.0,2.24,KOSDAQ
057540,옴니시스템,773.0,0.0,KOSDAQ
224110,에이텍모빌리티,9030.0,2.73,KOSDAQ
460470,아이빔테크놀로지,3030.0,3.06,KOSDAQ
007680,대원,3460.0,1.62,KOSDAQ
286750,나노실리칸첨단소재,1425.0,0.0,KOSDAQ
043340,에쎈테크,958.0,15.42,KOSDAQ
127710,아시아경제,1028.0,0.1,KOSDAQ
382150,온코크로스,3440.0,3.93,KOSDAQ
340360,다보링크,862.0,6.95,KOSDAQ
376290,씨유테크,2540.0,-0.59,KOSDAQ
163280,에어레인,3295.0,3.94,KOSDAQ
052790,액토즈소프트,4090.0,-0.97,KOSDAQ
273060,와이즈버즈,908.0,4.73,KOSDAQ
340810,시선AI,3255.0,1.24,KOSDAQ
065130,탑엔지니어링,2770.0,0.0,KOSDAQ
066130,하츠,3460.0,0.0,KOSDAQ
189980,흥국에프엔비,1101.0,0.55,KOSDAQ
288330,파라택시스코리아,416.0,0.0,KOSDAQ
065440,이루온,1608.0,7.34,KOSDAQ
150900,파수AI,3745.0,1.35,KOSDAQ
065500,오리엔트정공,1225.0,2.6,KOSDAQ
373160,데이원컴퍼니,3165.0,3.6,KOSDAQ
227950,엔투텍,1262.0,2.6,KOSDAQ
073110,엘엠에스,4890.0,-0.41,KOSDAQ
099410,동방선기,3105.0,2.48,KOSDAQ
159580,제로투세븐,2165.0,1.88,KOSDAQ
373200,엑스플러스,1724.0,-0.63,KOSDAQ
153460,네이블,6610.0,2.8,KOSDAQ
261520,이지스,4185.0,4.63,KOSDAQ
262260,에이프로,2850.0,7.14,KOSDAQ
014190,원익큐브,1213.0,-0.25,KOSDAQ
104200,NHN벅스,2895.0,3.58,KOSDAQ
190650,코리아에셋투자증권,6700.0,0.75,KOSDAQ
352910,오비고,3380.0,0.6,KOSDAQ
466410,사이냅소프트,8480.0,0.36,KOSDAQ
042940,상지건설,6230.0,6.86,KOSDAQ
129890,앱코,933.0,1.74,KOSDAQ
025880,케이씨피드,2530.0,0.8,KOSDAQ
060850,영림원소프트랩,5190.0,1.37,KOSDAQ
089790,제이티,4080.0,2.38,KOSDAQ
261200,덴티스,2655.0,3.51,KOSDAQ
189860,서전기전,4325.0,5.49,KOSDAQ
263020,디케이앤디,3010.0,-1.63,KOSDAQ
056700,신화인터텍,1425.0,0.42,KOSDAQ
131400,이브이첨단소재,695.0,3.27,KOSDAQ
037230,한국팩키지,1389.0,2.74,KOSDAQ
246690,TS인베스트먼트,1740.0,2.96,KOSDAQ
263810,상신전자,2595.0,1.96,KOSDAQ
238120,얼라인드,2900.0,3.02,KOSDAQ
099220,SDN,655.0,0.77,KOSDAQ
277070,린드먼아시아,3010.0,0.0,KOSDAQ
355690,에이텀,4305.0,-0.35,KOSDAQ
033540,파라텍,787.0,0.0,KOSDAQ
218150,미래생명자원,2010.0,3.18,KOSDAQ
122690,서진오토모티브,1777.0,1.66,KOSDAQ
178780,일월지엠엘,2200.0,0.23,KOSDAQ
086060,진바이오텍,4760.0,-0.63,KOSDAQ
140520,대창스틸,1930.0,0.73,KOSDAQ
050120,ES큐브,3000.0,1.87,KOSDAQ
479960,위너스일렉,5700.0,2.33,KOSDAQ
068330,일신바이오,918.0,0.66,KOSDAQ
270870,뉴트리,4510.0,-1.42,KOSDAQ
290670,대보마그네틱,5150.0,5.42,KOSDAQ
189690,포시에스,1480.0,1.3,KOSDAQ
038070,서린바이오,4340.0,3.21,KOSDAQ
196300,HLB펩,4300.0,1.3,KOSDAQ
171010,램테크놀러지,2815.0,1.62,KOSDAQ
424980,마이크로투나노,6800.0,3.66,KOSDAQ
215380,콜마바이오텍,2390.0,-0.21,KOSDAQ
052220,iMBC,1747.0,3.37,KOSDAQ
219420,링크제니시스,3495.0,-0.14,KOSDAQ
229000,젠큐릭스,1710.0,3.95,KOSDAQ
299900,위지윅스튜디오,233.0,0.0,KOSDAQ
215790,이노인스트루먼트,988.0,30.0,KOSDAQ
361570,알비더블유,1384.0,0.73,KOSDAQ
019770,서연탑메탈,3410.0,2.71,KOSDAQ
064090,인크레더블버즈,798.0,0.0,KOSDAQ
049830,승일,6440.0,2.38,KOSDAQ
105760,포스뱅크,3875.0,4.17,KOSDAQ
177900,쓰리에이로직스,4100.0,5.67,KOSDAQ
234100,폴라리스세원,2700.0,5.47,KOSDAQ
002290,삼일기업공사,3165.0,-0.47,KOSDAQ
066900,디에이피,1725.0,0.29,KOSDAQ
469750,아이비젼웍스,1137.0,19.81,KOSDAQ
900300,오가닉티코스메틱,1897.0,3.83,KOSDAQ
307280,원바이오젠,5490.0,0.92,KOSDAQ
317870,엔바이오니아,4395.0,-0.11,KOSDAQ
044960,이글벳,3070.0,0.49,KOSDAQ
051490,나라엠앤디,2720.0,0.55,KOSDAQ
226330,신테카바이오,1589.0,-0.69,KOSDAQ
097870,효성오앤비,4520.0,0.89,KOSDAQ
348080,큐라티스,2990.0,30.0,KOSDAQ
256150,한독크린텍,4565.0,0.44,KOSDAQ
417860,오브젠,8140.0,-1.09,KOSDAQ
363250,진시스템,4500.0,-0.88,KOSDAQ
260660,알리코제약,2495.0,0.4,KOSDAQ
332290,누보,954.0,5.65,KOSDAQ
900250,크리스탈신소재,1060.0,2.71,KOSDAQ
221980,케이디켐,9380.0,-0.74,KOSDAQ
046310,백금T&A,2290.0,2.46,KOSDAQ
123010,알엔티엑스,2160.0,-3.36,KOSDAQ
184230,SGA솔루션즈,1985.0,5.81,KOSDAQ
042040,케이피엠테크,4320.0,3.72,KOSDAQ
321820,아티스트컴퍼니,2400.0,4.8,KOSDAQ
083550,케이엠,2760.0,4.15,KOSDAQ
369370,블리츠웨이엔터테인먼트,750.0,0.0,KOSDAQ
081580,성우전자,2410.0,1.05,KOSDAQ
290120,DH오토리드,2345.0,0.86,KOSDAQ
050860,아세아텍,1648.0,0.37,KOSDAQ
014570,고려제약,3370.0,-0.3,KOSDAQ
100660,서암기계공업,2940.0,3.16,KOSDAQ
263770,유에스티,1554.0,0.26,KOSDAQ
059100,아이컴포넌트,5200.0,0.58,KOSDAQ
250000,보라티알,5440.0,0.0,KOSDAQ
360350,코셈,6750.0,5.63,KOSDAQ
026910,광진실업,4600.0,-3.77,KOSDAQ
057030,YBM넷,2235.0,0.9,KOSDAQ
258610,케일럼,999.0,-1.58,KOSDAQ
173940,에프엔씨엔터,2360.0,-1.26,KOSDAQ
123570,이엠넷,1628.0,-0.12,KOSDAQ
352700,씨앤투스,1380.0,1.77,KOSDAQ
221840,하이즈항공,1938.0,0.52,KOSDAQ
263700,케어랩스,1860.0,4.03,KOSDAQ
086040,바이오톡스텍,2260.0,2.49,KOSDAQ
045060,오공,2125.0,1.19,KOSDAQ
284620,카이노스메드,1087.0,0.0,KOSDAQ
090410,덕신이피씨,780.0,7.59,KOSDAQ
393210,토마토시스템,2300.0,0.22,KOSDAQ
186230,그린플러스,3285.0,6.83,KOSDAQ
305090,마이크로디지탈,1925.0,0.57,KOSDAQ
127980,화인써키트,3025.0,2.89,KOSDAQ
068940,셀피글로벌,778.0,0.0,KOSDAQ
046390,삼화네트웍스,2060.0,-0.72,KOSDAQ
089140,넥스턴앤롤코리아,2320.0,2.2,KOSDAQ
239890,피엔에이치테크,3570.0,2.0,KOSDAQ
263050,유틸렉스,959.0,0.0,KOSDAQ
101240,씨큐브,3110.0,1.14,KOSDAQ
032960,동일기연,2005.0,2.56,KOSDAQ
006920,모헨즈,3230.0,1.89,KOSDAQ
052600,한네트,3045.0,0.5,KOSDAQ
049470,비트플래닛,1489.0,0.34,KOSDAQ
204020,그리티,1802.0,-0.88,KOSDAQ
022220,티케이지애강,676.0,5.79,KOSDAQ
035460,기산텔레콤,2340.0,9.6,KOSDAQ
024120,KB오토시스,3035.0,-0.49,KOSDAQ
037330,인지디스플레,795.0,1.53,KOSDAQ
007530,와이엠,1567.0,3.3,KOSDAQ
263920,휴엠앤씨,3555.0,3.49,KOSDAQ
075130,플랜티넷,2160.0,0.23,KOSDAQ
208710,포톤,2635.0,0.19,KOSDAQ
446840,지슨,3150.0,0.32,KOSDAQ
203450,유니온바이오메트릭스,2460.0,3.8,KOSDAQ
080520,오디텍,3055.0,0.16,KOSDAQ
278650,HLB바이오스텝,1981.0,0.05,KOSDAQ
450330,하스,4210.0,1.57,KOSDAQ
408900,스튜디오미르,1041.0,2.87,KOSDAQ
200780,비씨월드제약,3190.0,0.16,KOSDAQ
148930,에이치와이티씨,3330.0,1.99,KOSDAQ
365590,하이딥,918.0,2.34,KOSDAQ
208860,다산디엠씨,995.0,10.31,KOSDAQ
025440,DH오토웨어,3455.0,-0.86,KOSDAQ
220180,폴라리스AI핸디,1407.0,0.07,KOSDAQ
432430,와이랩,2030.0,1.5,KOSDAQ
419120,산돌,2355.0,1.73,KOSDAQ
071850,캐스텍코리아,1380.0,4.55,KOSDAQ
199550,레이저옵텍,2255.0,-0.22,KOSDAQ
364950,에이아이코리아,4025.0,0.12,KOSDAQ
064520,테크엘,1489.0,-0.4,KOSDAQ
159910,에코글로우,3165.0,0.0,KOSDAQ
087600,픽셀플러스,4055.0,0.87,KOSDAQ
317240,TS트릴리온,1134.0,1.7,KOSDAQ
078590,휴림에이텍,3310.0,-5.02,KOSDAQ
031510,오스템,1181.0,1.99,KOSDAQ
043910,자연과환경,2915.0,-1.19,KOSDAQ
301300,바이브컴퍼니,2510.0,1.62,KOSDAQ
452200,민테크,1355.0,1.19,KOSDAQ
091970,LSK아이로봇,4365.0,-0.34,KOSDAQ
072770,멤레이비티,790.0,0.13,KOSDAQ
021650,한국큐빅,2000.0,-1.72,KOSDAQ
475460,미트박스,5790.0,-0.34,KOSDAQ
064480,브리지텍,2730.0,1.11,KOSDAQ
215090,솔디펜스,1400.0,0.79,KOSDAQ
033340,좋은사람들,333.0,2.15,KOSDAQ
066360,체리부로,670.0,0.0,KOSDAQ
020180,대신정보통신,836.0,0.0,KOSDAQ
376930,노을,625.0,0.97,KOSDAQ
128540,에코캡,1196.0,1.87,KOSDAQ
207760,미스터블루,384.0,0.0,KOSDAQ
206400,베노티앤알,850.0,1.31,KOSDAQ
388610,지에프씨생명과학,5980.0,1.36,KOSDAQ
045510,정원엔시스,1007.0,-0.4,KOSDAQ
318410,비비씨,5700.0,0.88,KOSDAQ
096630,에스코넥,1994.0,2.84,KOSDAQ
133750,메가엠디,1352.0,1.81,KOSDAQ
237820,플레이디,2465.0,3.57,KOSDAQ
053950,경남제약,1610.0,1.26,KOSDAQ
089150,케이씨티,1836.0,6.31,KOSDAQ
355390,크라우드웍스,1982.0,-6.29,KOSDAQ
016600,큐캐피탈,2250.0,0.67,KOSDAQ
068050,팬엔터테인먼트,1130.0,1.16,KOSDAQ
258830,세종메디칼,412.0,0.0,KOSDAQ
106240,파인테크닉스,1303.0,2.6,KOSDAQ
105550,엣지파운드리,397.0,0.0,KOSDAQ
465480,인스피언,3050.0,1.67,KOSDAQ
376980,원티드랩,3165.0,4.98,KOSDAQ
452300,캡스톤파트너스,2180.0,2.35,KOSDAQ
079000,와토스코리아,4290.0,2.14,KOSDAQ
464580,닷밀,1676.0,0.18,KOSDAQ
226340,본느,3675.0,29.86,KOSDAQ
458350,에스팀,3550.0,-1.11,KOSDAQ
039290,인포뱅크,3540.0,-0.14,KOSDAQ
452160,제이엔비,3200.0,3.9,KOSDAQ
476080,M83,3785.0,-1.17,KOSDAQ
444530,심플랫폼,4750.0,8.2,KOSDAQ
109820,진매트릭스,1498.0,3.67,KOSDAQ
262840,아이퀘스트,2890.0,0.52,KOSDAQ
088340,유라클,6990.0,3.56,KOSDAQ
311390,네오크레마,2410.0,3.43,KOSDAQ
012620,원일특강,6910.0,0.44,KOSDAQ
031310,아이즈비전,1020.0,0.1,KOSDAQ
246250,에스엘에스바이오,1969.0,0.0,KOSDAQ
271830,팸텍,1021.0,3.55,KOSDAQ
290090,트윔,4045.0,4.25,KOSDAQ
033830,티비씨,1587.0,0.06,KOSDAQ
351330,이삭엔지니어링,3610.0,1.55,KOSDAQ
348030,모비릭스,3115.0,0.65,KOSDAQ
075970,동국알앤에스,1615.0,0.5,KOSDAQ
033050,제이엠아이,933.0,0.97,KOSDAQ
119500,포메탈,2500.0,3.09,KOSDAQ
103840,우양,1800.0,-0.06,KOSDAQ
131090,시큐브,3845.0,0.13,KOSDAQ
335810,프리시젼바이오,1337.0,2.06,KOSDAQ
254120,자비스,954.0,-4.6,KOSDAQ
026040,제이에스티나,1774.0,1.2,KOSDAQ
060540,에스에이티,1120.0,1.82,KOSDAQ
038950,파인디지털,2860.0,0.35,KOSDAQ
160550,NEW,1046.0,2.35,KOSDAQ
044480,빌리언스,877.0,2.1,KOSDAQ
033170,시그네틱스,340.0,0.0,KOSDAQ
069410,엔텔스,2845.0,4.6,KOSDAQ
318010,팜스빌,3665.0,0.83,KOSDAQ
310870,디와이씨,1325.0,-3.28,KOSDAQ
464280,티디에스팜,5250.0,-2.23,KOSDAQ
434480,모니터랩,2350.0,1.73,KOSDAQ
187270,신화콘텍,2840.0,3.27,KOSDAQ
288620,에스프리즘,4115.0,2.36,KOSDAQ
462310,뉴키즈온,3625.0,0.69,KOSDAQ
239610,에이치엘사이언스,5300.0,1.34,KOSDAQ
356890,싸이버원,2390.0,3.02,KOSDAQ
297570,아틀라스링크,825.0,1.73,KOSDAQ
407400,꿈비,1949.0,4.11,KOSDAQ
336060,웨이버스,590.0,0.0,KOSDAQ
053290,NE능률,1715.0,-0.58,KOSDAQ
123840,뉴온,1816.0,3.48,KOSDAQ
043220,티에스넥스젠,1710.0,0.0,KOSDAQ
050110,캠시스,964.0,0.31,KOSDAQ
351320,넥사다이내믹스,944.0,-1.67,KOSDAQ
032860,더라미,694.0,1.91,KOSDAQ
065950,웰크론,989.0,2.38,KOSDAQ
013720,청보,2295.0,3.15,KOSDAQ
083640,인콘,1216.0,3.84,KOSDAQ
099390,브레인즈컴퍼니,3390.0,4.47,KOSDAQ
016920,카스,1044.0,1.66,KOSDAQ
057680,티사이언티픽,1750.0,5.36,KOSDAQ
900070,글로벌에스엠,1028.0,10.54,KOSDAQ
038880,아이에이,3670.0,2.8,KOSDAQ
206560,덱스터,1085.0,0.0,KOSDAQ
199480,뱅크웨어글로벌,2700.0,3.85,KOSDAQ
079170,한창산업,5290.0,5.8,KOSDAQ
027040,서울전자통신,1967.0,17.93,KOSDAQ
068100,케이웨더,2295.0,0.0,KOSDAQ
387570,파인메딕스,4865.0,3.62,KOSDAQ
073540,에프알텍,2400.0,5.03,KOSDAQ
188260,세니젠,1966.0,-1.65,KOSDAQ
069140,누리플랜,1807.0,2.26,KOSDAQ
232830,아이티센피엔에스,1647.0,12.12,KOSDAQ
276730,한울앤제주,11470.0,0.0,KOSDAQ
177830,파버나인,2400.0,0.63,KOSDAQ
197140,디지캡,2080.0,0.0,KOSDAQ
130500,GH신소재,1858.0,0.98,KOSDAQ
032750,삼진,2990.0,1.01,KOSDAQ
138070,신진에스엠,1542.0,0.46,KOSDAQ
001810,무림SP,1219.0,1.25,KOSDAQ
007720,소노스퀘어,1335.0,0.3,KOSDAQ
066910,손오공,2010.0,2.76,KOSDAQ
475660,에스켐,3390.0,1.35,KOSDAQ
017000,신원종합개발,2295.0,6.0,KOSDAQ
114630,폴라리스우노,1550.0,0.98,KOSDAQ
198940,한주라이트메탈,1340.0,0.37,KOSDAQ
195500,마니커에프앤지,1667.0,1.03,KOSDAQ
038620,위즈코프,1758.0,1.68,KOSDAQ
037370,EG,3085.0,1.15,KOSDAQ
238490,힘스,2350.0,4.44,KOSDAQ
318020,포인트모바일,2160.0,0.23,KOSDAQ
095910,에스에너지,711.0,4.56,KOSDAQ
288980,모아데이타,728.0,4.6,KOSDAQ
289220,자이언트스텝,1182.0,-2.23,KOSDAQ
450520,인스웨이브,1793.0,3.88,KOSDAQ
237750,피앤씨테크,4050.0,3.18,KOSDAQ
058110,멕아이씨에스,1638.0,5.07,KOSDAQ
363260,모비데이즈,815.0,3.16,KOSDAQ
376180,피코그램,1410.0,2.77,KOSDAQ
406820,뷰티스킨,1850.0,4.58,KOSDAQ
0010F0,보원케미칼,2345.0,1.52,KOSDAQ
016670,디모아,2555.0,3.02,KOSDAQ
039740,한국정보공학,3245.0,2.69,KOSDAQ
290270,휴네시온,2700.0,-0.18,KOSDAQ
291230,엔피,588.0,0.0,KOSDAQ
038530,케이바이오랩스,1001.0,1.32,KOSDAQ
121890,에스디시스템,1945.0,-2.11,KOSDAQ
290520,신도기연,1639.0,0.86,KOSDAQ
093380,풍강,2605.0,0.0,KOSDAQ
021880,메이슨캐피탈,1212.0,0.83,KOSDAQ
054780,키이스트,1308.0,2.91,KOSDAQ
045300,성우테크론,2435.0,2.96,KOSDAQ
131220,대한과학,3440.0,-2.27,KOSDAQ
900310,컬러레이,1999.0,0.0,KOSDAQ
430690,한싹,2340.0,0.43,KOSDAQ
367000,플래티어,3015.0,1.01,KOSDAQ
054940,엑사이엔씨,760.0,0.0,KOSDAQ
148250,알엔투테크놀로지,1851.0,1.7,KOSDAQ
109960,앱토크롬,1664.0,0.85,KOSDAQ
047080,한빛소프트,1010.0,-1.27,KOSDAQ
257370,피엔티엠에스,2000.0,-0.5,KOSDAQ
225220,제놀루션,1303.0,0.23,KOSDAQ
200350,아티스트스튜디오,2500.0,3.09,KOSDAQ
123750,알톤,1807.0,2.03,KOSDAQ
048470,대동스틸,2580.0,3.2,KOSDAQ
298060,풍전약품,2580.0,-0.77,KOSDAQ
044780,에이치케이,1340.0,-2.55,KOSDAQ
146060,율촌,1032.0,1.38,KOSDAQ
318000,KBG,2835.0,0.18,KOSDAQ
368600,아이씨에이치,958.0,0.31,KOSDAQ
051380,피씨디렉트,1608.0,1.39,KOSDAQ
065150,대산F&B,1543.0,0.65,KOSDAQ
462510,라메디텍,2785.0,0.91,KOSDAQ
236810,엔비티,1443.0,1.69,KOSDAQ
187220,디티앤씨,2125.0,3.66,KOSDAQ
464500,아이언디바이스,1750.0,3.55,KOSDAQ
148780,비큐AI,3885.0,29.93,KOSDAQ
038870,에코심플렉스,1742.0,2.05,KOSDAQ
053060,세동,1381.0,0.0,KOSDAQ
115160,휴맥스,5660.0,4.04,KOSDAQ
300120,라온피플,491.0,0.0,KOSDAQ
032790,엠젠솔루션,940.0,2.29,KOSDAQ
333050,이노테나,4900.0,-1.8,KOSDAQ
097780,에코볼트,1188.0,-0.83,KOSDAQ
462980,아이지넷,1320.0,1.93,KOSDAQ
019570,GMI벤처,2515.0,6.34,KOSDAQ
373170,엠아이큐브솔루션,1588.0,-2.28,KOSDAQ
085810,알티캐스트,1697.0,2.41,KOSDAQ
258790,소프트캠프,4795.0,5.73,KOSDAQ
054090,삼진엘앤디,960.0,-2.34,KOSDAQ
052300,오션인더블유,1475.0,2.93,KOSDAQ
033200,모아텍,2600.0,1.96,KOSDAQ
013810,스페코,1630.0,3.3,KOSDAQ
455180,케이지에이,1711.0,-3.71,KOSDAQ
035200,프럼파스트,2590.0,0.19,KOSDAQ
340440,세림B&G,840.0,2.94,KOSDAQ
267790,배럴,3100.0,1.14,KOSDAQ
070590,인티큐브,1709.0,0.0,KOSDAQ
036480,대성미생물,6230.0,0.16,KOSDAQ
398120,에스지헬스케어,1999.0,2.94,KOSDAQ
134060,이퓨쳐,4955.0,0.3,KOSDAQ
169330,엠브레인,1290.0,0.16,KOSDAQ
368970,오에스피,2315.0,-0.43,KOSDAQ
091340,S&K폴리텍,2015.0,1.82,KOSDAQ
383930,디티앤씨알오,1843.0,1.15,KOSDAQ
328380,솔트웨어,3425.0,-0.72,KOSDAQ
060380,동양에스텍,1187.0,1.02,KOSDAQ
065370,위세아이텍,3165.0,-1.09,KOSDAQ
063760,이엘피,2500.0,0.2,KOSDAQ
018680,서울제약,1997.0,0.5,KOSDAQ
109670,씨싸이트,3980.0,13.71,KOSDAQ
403490,우듬지팜,505.0,0.8,KOSDAQ
115480,씨유메디칼,1889.0,2.55,KOSDAQ
405920,나라셀라,1777.0,0.4,KOSDAQ
080530,코디,2065.0,0.0,KOSDAQ
139670,키네마스터,1617.0,2.41,KOSDAQ
431190,케이쓰리아이,3045.0,27.41,KOSDAQ
188040,바이오포트,4865.0,2.21,KOSDAQ
378800,샤페론,491.0,0.0,KOSDAQ
219750,한국비티비,1730.0,0.87,KOSDAQ
210120,캔버스엔,930.0,0.0,KOSDAQ
432980,엠에프씨,2620.0,0.77,KOSDAQ
317120,라닉스,1474.0,4.17,KOSDAQ
353190,휴럼,2855.0,0.71,KOSDAQ
440320,오픈놀,2250.0,8.96,KOSDAQ
049120,파인디앤씨,2115.0,4.44,KOSDAQ
208350,지란지교시큐리티,2765.0,-0.18,KOSDAQ
429270,시지트로닉스,3455.0,8.82,KOSDAQ
023770,플레이위드,2485.0,0.2,KOSDAQ
241840,에이스토리,2325.0,1.75,KOSDAQ
032080,아즈텍WB,1032.0,3.61,KOSDAQ
223310,사토시홀딩스,4255.0,3.78,KOSDAQ
222980,한국맥널티,2005.0,-1.47,KOSDAQ
397810,애드포러스,4285.0,-1.83,KOSDAQ
083660,CSA 코스믹,3110.0,2.13,KOSDAQ
014100,메디앙스,1873.0,-1.37,KOSDAQ
007770,한일화학,6290.0,0.0,KOSDAQ
296640,이노에이엑스,4260.0,2.4,KOSDAQ
415380,스튜디오삼익,1925.0,1.0,KOSDAQ
377330,이지트로닉스,2705.0,0.0,KOSDAQ
096690,에이루트,5460.0,-1.09,KOSDAQ
424760,벨로크,2180.0,1.16,KOSDAQ
101680,한국정밀기계,2600.0,-0.19,KOSDAQ
377030,비트맥스,1519.0,2.5,KOSDAQ
359090,씨엔알리서치,1886.0,0.43,KOSDAQ
352940,인바이오,1993.0,-0.6,KOSDAQ
342870,오아,3965.0,2.99,KOSDAQ
277410,인산가,5620.0,4.66,KOSDAQ
130740,티피씨글로벌,1914.0,0.05,KOSDAQ
080720,한국유니온제약,2725.0,0.0,KOSDAQ
083470,이엠앤아이,1010.0,6.77,KOSDAQ
019660,글로본,1545.0,0.0,KOSDAQ
084440,유비온,1124.0,-2.26,KOSDAQ
347770,핌스,940.0,2.62,KOSDAQ
098660,에스티오,1718.0,0.94,KOSDAQ
290560,파라택시스이더리움,959.0,4.35,KOSDAQ
101400,엔시트론,1823.0,4.11,KOSDAQ
043200,파루,512.0,0.0,KOSDAQ
027580,상보,1806.0,20.24,KOSDAQ
238200,비피도,2605.0,1.36,KOSDAQ
353590,오토앤,1654.0,2.41,KOSDAQ
032280,삼일,1313.0,0.0,KOSDAQ
080470,성창오토텍,2915.0,-1.69,KOSDAQ
154040,다산솔루에타,983.0,18.43,KOSDAQ
193250,링크드,1589.0,1.21,KOSDAQ
043360,디지아이,2355.0,0.64,KOSDAQ
274400,이노시뮬레이션,2320.0,-0.22,KOSDAQ
131180,딜리,3590.0,0.28,KOSDAQ
076080,웰크론한텍,930.0,-1.06,KOSDAQ
900110,딥커머스,1137.0,4.12,KOSDAQ
090150,아이윈,499.0,0.0,KOSDAQ
153490,우리이앤엘하루틴,405.0,0.0,KOSDAQ
065060,지엔코,3480.0,-2.93,KOSDAQ
056730,CNT85,1402.0,-1.41,KOSDAQ
067010,이씨에스,1905.0,0.0,KOSDAQ
200230,텔콘RF제약,2180.0,0.23,KOSDAQ
195990,루트K,1265.0,3.69,KOSDAQ
115610,이미지스,1741.0,14.39,KOSDAQ
067730,로지시스,2125.0,-0.23,KOSDAQ
088290,이원컴포텍,2570.0,-0.96,KOSDAQ
032800,판타지오,1644.0,1.67,KOSDAQ
373110,엑셀세라퓨틱스,1184.0,0.85,KOSDAQ
361670,삼영에스앤씨,3605.0,0.7,KOSDAQ
372800,아이티아이즈,2895.0,0.52,KOSDAQ
362990,드림인사이트,1209.0,-1.63,KOSDAQ
137940,넥스트아이,2065.0,-2.36,KOSDAQ
012340,뉴인텍,917.0,3.62,KOSDAQ
215480,토박스코리아,1882.0,2.28,KOSDAQ
331520,밸로프,2060.0,0.49,KOSDAQ
016100,리더스코스메틱,1057.0,0.76,KOSDAQ
417180,핑거스토리,4670.0,2.3,KOSDAQ
017250,인터엠,956.0,1.49,KOSDAQ
115530,씨엔플러스,2550.0,14.86,KOSDAQ
335870,윙스풋,1200.0,15.94,KOSDAQ
023790,동일스틸럭스,1536.0,6.89,KOSDAQ
303530,이노뎁,2730.0,0.0,KOSDAQ
140430,카티스,1870.0,4.82,KOSDAQ
039310,세중,1102.0,4.85,KOSDAQ
192390,윈하이텍,1807.0,2.85,KOSDAQ
252500,세화피앤씨,480.0,3.23,KOSDAQ
065650,하이퍼코퍼레이션,1819.0,2.94,KOSDAQ
154030,아시아종묘,1650.0,2.8,KOSDAQ
196700,웹스,1384.0,8.72,KOSDAQ
227610,아우딘퓨쳐스,1026.0,-4.65,KOSDAQ
054410,케이피티유,3445.0,-4.31,KOSDAQ
024940,PN풍년,1962.0,0.77,KOSDAQ
438700,버넥트,1734.0,4.14,KOSDAQ
048830,엔피케이,1029.0,-0.96,KOSDAQ
239340,이스트에이드,714.0,-5.43,KOSDAQ
073570,리튬포어스,1600.0,1.59,KOSDAQ
078860,아이오케이이엔엠,3110.0,1.63,KOSDAQ
214610,롤링스톤,2290.0,0.0,KOSDAQ
058450,한주에이알티,3820.0,-4.02,KOSDAQ
351870,차이커뮤니케이션,1711.0,3.45,KOSDAQ
275630,에스에스알,3620.0,-6.1,KOSDAQ
037400,우리엔터프라이즈,724.0,2.4,KOSDAQ
096870,엘디티,2270.0,0.89,KOSDAQ
067770,세진티에스,2230.0,4.94,KOSDAQ
031860,디에이치엑스컴퍼니,693.0,0.0,KOSDAQ
021040,대호특수강,862.0,0.58,KOSDAQ
032680,소프트센,897.0,8.2,KOSDAQ
103230,에스앤더블류,2585.0,10.0,KOSDAQ
065690,파커스,1318.0,-0.53,KOSDAQ
045520,크린앤사이언스,2840.0,-0.35,KOSDAQ
051780,큐로홀딩스,2910.0,5.24,KOSDAQ
018620,우진비앤지,2645.0,1.73,KOSDAQ
020400,대동금속,2865.0,3.99,KOSDAQ
322780,코퍼스코리아,2015.0,0.5,KOSDAQ
309930,조이웍스앤코,938.0,-2.39,KOSDAQ
419540,비스토스,3030.0,1.68,KOSDAQ
224060,더코디,3455.0,0.29,KOSDAQ
054220,비츠로시스,1409.0,0.28,KOSDAQ
050760,에스폴리텍,1082.0,-1.1,KOSDAQ
142760,모아라이프플러스,418.0,-2.79,KOSDAQ
405000,플라즈맵,4570.0,-1.72,KOSDAQ
065770,CS,1664.0,8.69,KOSDAQ
060900,에이전트AI,4370.0,-0.46,KOSDAQ
008470,부스타,2075.0,-1.19,KOSDAQ
006050,국영지앤엠,499.0,-1.19,KOSDAQ
060260,뉴보텍,1304.0,11.45,KOSDAQ
365900,브이씨,2360.0,-5.6,KOSDAQ
303030,지니틱스,1880.0,2.73,KOSDAQ
115570,스타플렉스,2155.0,2.86,KOSDAQ
069330,유아이디,1010.0,-3.81,KOSDAQ
034940,조아제약,550.0,0.0,KOSDAQ
110020,전진바이오팜,1874.0,4.87,KOSDAQ
482680,미래에셋비전스팩7호,2055.0,0.0,KOSDAQ
241820,피씨엘,6040.0,0.0,KOSDAQ
279600,미디어젠,3570.0,0.42,KOSDAQ
477380,미래에셋비전스팩4호,2055.0,0.24,KOSDAQ
018700,졸스,1419.0,2.53,KOSDAQ
306040,에스제이그룹,1681.0,5.13,KOSDAQ
079950,인베니아,1167.0,0.17,KOSDAQ
208640,썸에이지,1154.0,-6.41,KOSDAQ
344860,이노진,1333.0,5.96,KOSDAQ
060230,제이케이시냅스,1419.0,0.57,KOSDAQ
191410,육일씨엔에쓰,1402.0,1.82,KOSDAQ
0072Z0,KB제33호스팩,1985.0,0.25,KOSDAQ
043590,웰킵스하이텍,1148.0,3.14,KOSDAQ
354200,엔젠바이오,1738.0,-0.52,KOSDAQ
009730,이렘,1943.0,5.14,KOSDAQ
477340,에이치엠씨제7호스팩,2045.0,0.0,KOSDAQ
0101C0,하나36호스팩,1984.0,0.0,KOSDAQ
069920,엑시온그룹,1066.0,-2.91,KOSDAQ
0130H0,엔에이치스팩33호,1991.0,0.2,KOSDAQ
131760,파인텍,1757.0,8.19,KOSDAQ
030350,드래곤플라이,973.0,0.0,KOSDAQ
073190,듀오백,1261.0,5.35,KOSDAQ
0044K0,삼성스팩10호,1984.0,-0.1,KOSDAQ
0115H0,삼성스팩13호,1992.0,0.66,KOSDAQ
900340,윙입푸드,1159.0,7.31,KOSDAQ
473050,유안타제15호스팩,2080.0,0.0,KOSDAQ
377220,프롬바이오,513.0,0.0,KOSDAQ
001000,신라섬유,598.0,-7.14,KOSDAQ
035620,바른손이앤에이,780.0,-11.86,KOSDAQ
131100,티엔엔터테인먼트,450.0,0.0,KOSDAQ
418620,E8,725.0,13.1,KOSDAQ
225590,패션플랫폼,2800.0,-5.08,KOSDAQ
009620,삼보산업,815.0,-1.93,KOSDAQ
478440,미래에셋비전스팩6호,2045.0,0.0,KOSDAQ
0165X0,메리츠제2호스팩,1946.0,-0.05,KOSDAQ
479880,한국제15호스팩,2050.0,0.0,KOSDAQ
285800,진영,794.0,2.98,KOSDAQ
0099W0,미래에셋비전스팩11호,1982.0,0.0,KOSDAQ
177350,베셀,695.0,0.0,KOSDAQ
240600,유진테크놀로지,1975.0,0.25,KOSDAQ
304840,피플바이오,561.0,0.0,KOSDAQ
352770,셀레스트라,5250.0,0.0,KOSDAQ
113810,디젠스,2060.0,1.23,KOSDAQ
244460,올리패스,1651.0,0.0,KOSDAQ
489480,키움제11호스팩,2020.0,0.0,KOSDAQ
0134X0,대신밸런스제20호스팩,1975.0,0.0,KOSDAQ
481890,엔에이치스팩31호,2075.0,0.0,KOSDAQ
0164H0,한국제16호스팩,1950.0,-0.05,KOSDAQ
0096B0,삼성스팩12호,1990.0,0.81,KOSDAQ
0099X0,IBKS제25호스팩,2180.0,0.0,KOSDAQ
291810,핀텔,1145.0,-3.54,KOSDAQ
0097F0,미래에셋비전스팩10호,1990.0,-0.25,KOSDAQ
489730,디비금융제13호스팩,2030.0,0.5,KOSDAQ
478390,KB제29호스팩,2050.0,0.0,KOSDAQ
0093G0,미래에셋비전스팩8호,1989.0,0.1,KOSDAQ
471050,대신밸런스제17호스팩,2100.0,0.24,KOSDAQ
054180,메디콕스,2295.0,0.0,KOSDAQ
0037T0,KB제32호스팩,1997.0,0.15,KOSDAQ
482520,교보16호스팩,2050.0,0.0,KOSDAQ
0054V0,엔에이치스팩32호,2005.0,0.0,KOSDAQ
492220,KB제31호스팩,2005.0,-0.25,KOSDAQ
247660,나노씨엠에스,2855.0,-1.55,KOSDAQ
0131D0,키움히어로제2호스팩,1965.0,-0.1,KOSDAQ
101000,KS인더스트리,311.0,0.0,KOSDAQ
065570,삼영이엔씨,764.0,0.0,KOSDAQ
0091W0,신영스팩11호,2020.0,0.0,KOSDAQ
0088D0,메리츠제1호스팩,2105.0,0.0,KOSDAQ
060480,국일신동,1090.0,8.46,KOSDAQ
0041L0,하나35호스팩,1999.0,0.0,KOSDAQ
477760,DB금융스팩12호,2055.0,0.24,KOSDAQ
0132G0,교보20호스팩,1997.0,0.05,KOSDAQ
482690,대신밸런스제19호스팩,2105.0,0.24,KOSDAQ
028080,휴맥스홀딩스,4660.0,-3.52,KOSDAQ
469900,하나31호스팩,2077.0,0.34,KOSDAQ
289010,아이스크림에듀,823.0,2.24,KOSDAQ
0071M0,삼성스팩11호,1984.0,0.1,KOSDAQ
474660,신한제12호스팩,2065.0,0.49,KOSDAQ
487360,신한제14호스팩,2015.0,0.0,KOSDAQ
474490,유안타제16호스팩,2060.0,0.24,KOSDAQ
0105P0,유진스팩12호,1995.0,0.81,KOSDAQ
477470,미래에셋비전스팩5호,2060.0,0.24,KOSDAQ
025870,신라에스지,2820.0,4.06,KOSDAQ
050090,비케이홀딩스,479.0,18.27,KOSDAQ
496070,신한제16호스팩,1998.0,-0.1,KOSDAQ
308100,형지글로벌,433.0,0.93,KOSDAQ
002680,한탑,1718.0,0.82,KOSDAQ
0129K0,신한제18호스팩,1970.0,0.0,KOSDAQ
250930,예선테크,1655.0,0.36,KOSDAQ
0096D0,미래에셋비전스팩9호,1985.0,0.15,KOSDAQ
389680,유디엠텍,1299.0,0.54,KOSDAQ
0098T0,교보19호스팩,1995.0,0.0,KOSDAQ
486630,KB제30호스팩,2025.0,-0.25,KOSDAQ
900270,헝셩그룹,420.0,0.0,KOSDAQ
493790,유안타제17호스팩,2005.0,-0.25,KOSDAQ
0004Y0,디비금융제14호스팩,2000.0,0.25,KOSDAQ
0130D0,신한제17호스팩,1979.0,0.2,KOSDAQ
489210,교보17호스팩,2025.0,0.0,KOSDAQ
043100,알파AI,520.0,0.0,KOSDAQ
900100,파이온엑스,1965.0,0.51,KOSDAQ
478110,이베스트스팩6호,2035.0,0.0,KOSDAQ
079190,케스피온,1063.0,2.21,KOSDAQ
466690,키움히어로제1호스팩,1998.0,0.0,KOSDAQ
0041B0,교보18호스팩,2007.0,0.1,KOSDAQ
498390,한화플러스제5호스팩,2035.0,0.0,KOSDAQ
225430,케이엠제약,1783.0,-0.78,KOSDAQ
472220,신영스팩10호,2100.0,0.24,KOSDAQ
084180,수성웹툰,533.0,-3.44,KOSDAQ
092600,앤씨앤,1918.0,2.02,KOSDAQ
488060,유진스팩11호,2020.0,0.0,KOSDAQ
106080,케이이엠텍,1650.0,0.0,KOSDAQ
484130,하나34호스팩,2020.0,0.0,KOSDAQ
469480,IBKS제24호스팩,2130.0,0.0,KOSDAQ
473950,에스케이증권제13호스팩,2030.0,0.0,KOSDAQ
468760,유진스팩10호,2080.0,0.0,KOSDAQ
900120,씨엑스아이,787.0,-4.49,KOSDAQ
487830,신한제15호스팩,2020.0,0.0,KOSDAQ
472230,에스케이증권제11호스팩,2085.0,0.24,KOSDAQ
0068Y0,비엔케이제3호스팩,1990.0,0.51,KOSDAQ
487720,키움제10호스팩,2015.0,0.0,KOSDAQ
03481K,해성산업1우,6120.0,0.49,KOSDAQ
199730,바이오인프라,1716.0,-0.17,KOSDAQ
0041J0,엘에스스팩1호,1994.0,0.05,KOSDAQ
008290,원풍물산,401.0,-4.52,KOSDAQ
087260,모바일어플라이언스,247.0,0.0,KOSDAQ
465320,교보15호스팩,2110.0,0.24,KOSDAQ
035290,골드앤에스,1653.0,8.82,KOSDAQ
312610,에이에프더블류,383.0,-0.52,KOSDAQ
079970,투비소프트,596.0,0.0,KOSDAQ
475250,하나33호스팩,2060.0,0.0,KOSDAQ
474930,신한제13호스팩,2085.0,0.0,KOSDAQ
065420,에스아이리소스,94.0,0.0,KOSDAQ
276040,스코넥,327.0,0.0,KOSDAQ
473000,에스케이증권제12호스팩,2060.0,0.49,KOSDAQ
475240,하나32호스팩,2080.0,0.0,KOSDAQ
011080,형지I&C,928.0,-1.69,KOSDAQ
121850,코이즈,1177.0,-0.93,KOSDAQ
044180,KD,205.0,0.0,KOSDAQ
313760,캐리,468.0,0.0,KOSDAQ
052770,아이톡시,312.0,0.0,KOSDAQ
021045,대호특수강우,2410.0,0.0,KOSDAQ
043090,더테크놀로지,269.0,8.03,KOSDAQ
032685,소프트센우,11300.0,4.63,KOSDAQ
